ticker,company_name,sector
BE,BLOOM ENERGY CLASS A CORP,Industrials
CRDO,CREDO TECHNOLOGY GROUP HOLDING LTD,Information Technology
STRL,STERLING INFRASTRUCTURE INC,Industrials
FN,FABRINET,Information Technology
CDE,COEUR MINING INC,Materials
SITM,SITIME CORP,Information Technology
NXT,NEXTPOWER INC CLASS A,Industrials
SATS,ECHOSTAR CORP CLASS A,Communication
IONQ,IONQ INC,Information Technology
TTMI,TTM TECHNOLOGIES INC,Information Technology
MOD,MODINE MANUFACTURING,Industrials
RMBS,RAMBUS INC,Information Technology
AEIS,ADVANCED ENERGY INDUSTRIES INC,Information Technology
SANM,SANMINA CORP,Information Technology
DY,DYCOM INDUSTRIES INC,Industrials
VIAV,VIAVI SOLUTIONS INC,Information Technology
HL,HECLA MINING,Materials
DOCN,DIGITALOCEAN HOLDINGS INC,Information Technology
GH,GUARDANT HEALTH INC,Health Care
SMTC,SEMTECH CORP,Information Technology
FORM,FORMFACTOR INC,Information Technology
BBIO,BRIDGEBIO PHARMA INC,Health Care
ARWR,ARROWHEAD PHARMACEUTICALS INC,Health Care
AAOI,APPLIED OPTOELECTRONICS INC,Information Technology
KTOS,KRATOS DEFENSE AND SECURITY SOLUTI,Industrials
HUT,HUT CORP,Information Technology
SPXC,SPX TECHNOLOGIES INC,Industrials
APLD,APPLIED DIGITAL CORP,Information Technology
ENSG,ENSIGN GROUP INC,Health Care
PL,PLANET LABS CLASS A,Industrials
UMBF,UMB FINANCIAL CORP,Financials
GTLS,CHART INDUSTRIES INC,Industrials
AGX,ARGAN INC,Industrials
MDGL,MADRIGAL PHARMACEUTICALS INC,Health Care
AXSM,AXSOME THERAPEUTICS INC,Health Care
FCFS,FIRSTCASH HOLDINGS INC,Financials
SNEX,STONEX GROUP INC,Financials
MOGA,MOOG INC CLASS A,Industrials
AHR,AMERICAN HEALTHCARE REIT INC,Real Estate
CTRE,CARETRUST REIT INC,Real Estate
CYTK,CYTOKINETICS INC,Health Care
OKLO,OKLO INC CLASS A,Utilities
POWL,POWELL INDUSTRIES INC,Industrials
ESE,ESCO TECHNOLOGIES INC,Industrials
PRAX,PRAXIS PRECISION MEDICINES INC,Health Care
XTSLA,BLK CSH FND TREASURY SL AGENCY,Cash and/or Derivatives
ONB,OLD NATIONAL BANCORP,Financials
RIOT,RIOT PLATFORMS INC,Information Technology
WULF,TERAWULF INC,Information Technology
FLR,FLUOR CORP,Industrials
ENS,ENERSYS,Industrials
VSAT,VIASAT INC,Information Technology
USD,USD CASH,Cash and/or Derivatives
LUMN,LUMEN TECHNOLOGIES INC,Communication
WTS,WATTS WATER TECHNOLOGIES INC CLASS,Industrials
QBTS,D WAVE QUANTUM INC,Information Technology
CMC,COMMERCIAL METALS,Materials
ZWS,ZURN ELKAY WATER SOLUTIONS CORP,Industrials
GKOS,GLAUKOS CORP,Health Care
ORA,ORMAT TECH INC,Utilities
UEC,URANIUM ENERGY CORP,Energy
JXN,JACKSON FINANCIAL INC CLASS A,Financials
KRYS,KRYSTAL BIOTECH INC,Health Care
SM,SM ENERGY,Energy
IDCC,INTERDIGITAL INC,Information Technology
FSS,FEDERAL SIGNAL CORP,Industrials
JBTM,JBT MAREL CORP,Industrials
SLAB,SILICON LABORATORIES INC,Information Technology
HQY,HEALTHEQUITY INC,Health Care
TEX,TEREX CORP,Industrials
PLXS,PLEXUS CORP,Information Technology
RHP,RYMAN HOSPITALITY PROPERTIES REIT,Real Estate
BTSG,BRIGHTSPRING HEALTH SERVICES INC,Health Care
TRNO,TERRENO REALTY REIT CORP,Real Estate
CWAN,CLEARWATER ANALYTICS HOLDINGS INC,Information Technology
MXL,MAXLINEAR INC,Information Technology
CIFR,CIPHER DIGITAL INC,Information Technology
SSRM,SSR MINING INC,Materials
MYRG,MYR GROUP INC,Industrials
AROC,ARCHROCK INC,Energy
GATX,GATX CORP,Industrials
VLY,VALLEY NATIONAL,Financials
CORZ,CORE SCIENTIFIC INC,Information Technology
PCVX,VAXCYTE INC,Health Care
AVAV,AEROVIRONMENT INC,Industrials
NPO,ENPRO INC,Industrials
EAT,BRINKER INTERNATIONAL INC,Consumer Discretionary
SWX,SOUTHWEST GAS HOLDINGS INC,Utilities
EPRT,ESSENTIAL PROPERTIES REALTY TRUST,Real Estate
ROAD,CONSTRUCTION PARTNERS INC CLASS A,Industrials
GBCI,GLACIER BANCORP INC,Financials
TGTX,TG THERAPEUTICS INC,Health Care
ACA,ARCOSA INC,Industrials
GVA,GRANITE CONSTRUCTION INC,Industrials
NE,NOBLE CORPORATION PLC,Energy
UBSI,UNITED BANKSHARES INC,Financials
IESC,IES INC,Industrials
VICR,VICOR CORP,Industrials
RGTI,RIGETTI COMPUTING INC,Information Technology
TXNM,TXNM ENERGY INC,Utilities
LNTH,LANTHEUS HOLDINGS INC,Health Care
KRG,KITE REALTY GROUP TRUST REIT,Real Estate
JOBY,JOBY AVIATION INC CLASS A,Industrials
KGS,KODIAK GAS SERVICES INC,Energy
PRIM,PRIMORIS SERVICES CORP,Industrials
HWC,HANCOCK WHITNEY CORP,Financials
PTGX,PROTAGONIST THERAPEUTICS INC,Health Care
ALKS,ALKERMES,Health Care
BKH,BLACK HILLS CORP,Utilities
ESNT,ESSENT GROUP LTD,Financials
TMHC,TAYLOR MORRISON HOME CORP,Consumer Discretionary
VAL,VALARIS LTD,Energy
RIG,TRANSOCEAN LTD,Energy
ABCB,AMERIS BANCORP,Financials
PIPR,PIPER SANDLER COMPANIES,Financials
NJR,NEW JERSEY RESOURCES CORP,Utilities
COMP,COMPASS INC CLASS A,Real Estate
MATX,MATSON INC,Industrials
MAC,MACERICH REIT,Real Estate
POR,PORTLAND GENERAL ELECTRIC,Utilities
UUUU,ENERGY FUELS INC,Energy
SYRE,SPYRE THERAPEUTICS INC,Health Care
GLNG,GOLAR LNG LTD,Energy
VSEC,VSE CORP,Industrials
CWST,CASELLA WASTE SYSTEMS INC CLASS A,Industrials
AUB,ATLANTIC UNION BANKSHARES CORP,Financials
HASI,HA SUSTAINABLE INFRASTRUCTURE CAPI,Financials
HIMS,HIMS HERS HEALTH INC CLASS A,Health Care
REZI,RESIDEO TECHNOLOGIES INC,Industrials
BCPC,BALCHEM CORP,Materials
MUR,MURPHY OIL CORP,Energy
DIOD,DIODES INC,Information Technology
SBRA,SABRA HEALTH CARE REIT INC,Real Estate
YOU,CLEAR SECURE INC CLASS A,Information Technology
OGS,ONE GAS INC,Utilities
SIGI,SELECTIVE INSURANCE GROUP INC,Financials
RDN,RADIAN GROUP INC,Financials
NUVL,NUVALENT INC CLASS A,Health Care
PECO,PHILLIPS EDISON AND COMPANY INC,Real Estate
MGY,MAGNOLIA OIL GAS CORP CLASS A,Energy
RYTM,RHYTHM PHARMACEUTICALS INC,Health Care
PTCT,PTC THERAPEUTICS INC,Health Care
KNF,KNIFE RIVER CORP,Materials
HOMB,HOME BANCSHARES INC,Financials
IBP,INSTALLED BUILDING PRODUCTS INC,Consumer Discretionary
BOOT,BOOT BARN HOLDINGS INC,Consumer Discretionary
KLIC,KULICKE AND SOFFA INDUSTRIES INC,Information Technology
LBRT,LIBERTY ENERGY INC CLASS A,Energy
SR,SPIRE INC,Utilities
LGN,LEGENCE CORP CLASS A,Industrials
SXT,SENSIENT TECHNOLOGIES CORP,Materials
COGT,COGENT BIOSCIENCES INC,Health Care
CNX,CNX RESOURCES CORP,Energy
INDV,INDIVIOR PHARMACEUTICALS INC,Health Care
ACLS,AXCELIS TECHNOLOGIES INC,Information Technology
FTDR,FRONTDOOR INC,Consumer Discretionary
NOVT,NOVANTA INC,Information Technology
ACIW,ACI WORLDWIDE INC,Information Technology
UFPI,UFP INDUSTRIES INC,Industrials
OUT,OUTFRONT MEDIA INC,Real Estate
USAR,USA RARE EARTH INC CLASS A,Materials
LTH,LIFE TIME GROUP HOLDINGS INC,Consumer Discretionary
KYMR,KYMERA THERAPEUTICS INC,Health Care
XENE,XENON PHARMACEUTICALS INC,Health Care
MARA,MARA HOLDINGS INC,Information Technology
ASB,ASSOCIATED BANCORP,Financials
GTX,GARRETT MOTION INC,Consumer Discretionary
CRSP,CRISPR THERAPEUTICS AG,Health Care
MRCY,MERCURY SYSTEMS INC,Industrials
AX,AXOS FINANCIAL INC,Financials
MIR,MIRION TECHNOLOGIES INC CLASS A,Information Technology
BIPC,BROOKFIELD INFRASTRUCTURE CORP CLA,Utilities
AIR,AAR CORP,Industrials
URBN,URBAN OUTFITTERS INC,Consumer Discretionary
CELC,CELCUITY INC,Health Care
HCC,WARRIOR MET COAL INC,Materials
CVLT,COMMVAULT SYSTEMS INC,Information Technology
TDS,TELEPHONE AND DATA SYSTEMS INC,Communication
CSTM,CONSTELLIUM SE CLASS A,Materials
CNR,CORE NATURAL RESOURCES INC,Energy
ATMU,ATMUS FILTRATION TECHNOLOGIES INC,Industrials
BCO,BRINKS,Industrials
CRC,CALIFORNIA RESOURCES CORP,Energy
NWE,NORTHWESTERN ENERGY GROUP INC,Utilities
TCBI,TEXAS CAPITAL BANCSHARES INC,Financials
CSW,CSW INDUSTRIALS INC,Industrials
CNO,CNO FINANCIAL GROUP INC,Financials
BDC,BELDEN INC,Information Technology
RUSHA,RUSH ENTERPRISES INC CLASS A,Industrials
MIRM,MIRUM PHARMACEUTICALS INC,Health Care
MTH,MERITAGE CORP,Consumer Discretionary
EBC,EASTERN BANKSHARES INC,Financials
FFIN,FIRST FINANCIAL BANKSHARES INC,Financials
FLG,FLAGSTAR BANK NATIONAL ASSOCIATION,Financials
HRI,HERC HOLDINGS INC,Industrials
KTB,KONTOOR BRANDS INC,Consumer Discretionary
AZZ,AZZ INC,Industrials
PI,IMPINJ INC,Information Technology
CBT,CABOT CORP,Materials
CRNX,CRINETICS PHARMACEUTICALS INC,Health Care
OSCR,OSCAR HEALTH INC CLASS A,Financials
MWA,MUELLER WATER PRODUCTS INC SERIES,Industrials
SKT,TANGER INC,Real Estate
PLUG,PLUG POWER INC,Industrials
FULT,FULTON FINANCIAL CORP,Financials
UCB,UNITED COMMUNITY BANKS INC,Financials
ENVA,ENOVA INTERNATIONAL INC,Financials
SYNA,SYNAPTICS INC,Information Technology
GPI,GROUP AUTOMOTIVE INC,Consumer Discretionary
BGC,BGC GROUP INC CLASS A,Financials
CGON,CG ONCOLOGY INC,Health Care
PRM,PERIMETER SOLUTIONS INC,Materials
SKY,CHAMPION HOMES INC,Consumer Discretionary
SFBS,SERVISFIRST BANCSHARES INC,Financials
LAUR,LAUREATE EDUCATION INC,Consumer Discretionary
GSAT,GLOBALSTAR VOTING INC,Communication
LGND,LIGAND PHARMACEUTICALS INC,Health Care
SRRK,SCHOLAR ROCK HOLDING CORP,Health Care
IBOC,INTERNATIONAL BANCSHARES CORP,Financials
PSMT,PRICESMART INC,Consumer Staples
KAI,KADANT INC,Industrials
CVSA,COVISTA INC,Consumer Discretionary
MC,MOELIS CLASS A,Financials
TPH,TRI POINTE HOMES INC,Consumer Discretionary
IRTC,IRHYTHM HOLDINGS INC,Health Care
OPLN,OPENLANE INC,Industrials
VSH,VISHAY INTERTECHNOLOGY INC,Information Technology
POWI,POWER INTEGRATIONS INC,Information Technology
IRT,INDEPENDENCE REALTY INC,Real Estate
PTEN,PATTERSON UTI ENERGY INC,Energy
MTRN,MATERION CORP,Materials
RDNT,RADNET INC,Health Care
INDB,INDEPENDENT BANK CORP,Financials
DAN,DANA INCORPORATED INC,Consumer Discretionary
WSFS,WSFS FINANCIAL CORP,Financials
RELY,REMITLY GLOBAL INC,Financials
ABG,ASBURY AUTOMOTIVE GROUP INC,Consumer Discretionary
FELE,FRANKLIN ELECTRIC INC,Industrials
LIVN,LIVANOVA PLC,Health Care
LRN,STRIDE INC,Consumer Discretionary
WHD,CACTUS INC CLASS A,Energy
RNST,RENASANT CORP,Financials
STNG,SCORPIO TANKERS INC,Energy
TDW,TIDEWATER INC,Energy
ACHR,ARCHER AVIATION INC CLASS A,Industrials
STEP,STEPSTONE GROUP INC CLASS A,Financials
BNL,BROADSTONE NET LEASE INC,Real Estate
OSIS,OSI SYSTEMS INC,Information Technology
VCTR,VICTORY CAPITAL HOLDINGS CLASS A I,Financials
RXO,RXO INC,Industrials
FBP,FIRST BANCORP,Financials
UNF,UNIFIRST CORP,Industrials
CVCO,CAVCO INDUSTRIES INC,Consumer Discretionary
SOUN,SOUNDHOUND AI INC CLASS A,Information Technology
SPHR,SPHERE ENTERTAINMENT CLASS A,Communication
CATY,CATHAY GENERAL BANCORP,Financials
GNW,GENWORTH FINANCIAL INC,Financials
ITRI,ITRON INC,Information Technology
TPC,TUTOR PERINI CORP,Industrials
CDP,COPT DEFENSE PROPERTIES,Real Estate
HP,HELMERICH & PAYNE INC,Energy
MMS,MAXIMUS INC,Industrials
GHC,GRAHAM HOLDINGS COMPANY CLASS B,Consumer Discretionary
ZETA,ZETA GLOBAL HOLDINGS CORP CLASS A,Information Technology
APGE,APOGEE THERAPEUTICS INC,Health Care
MMSI,MERIT MEDICAL SYSTEMS INC,Health Care
BMI,BADGER METER INC,Information Technology
INSW,INTERNATIONAL SEAWAYS INC,Energy
OII,OCEANEERING INTERNATIONAL INC,Energy
BOX,BOX INC CLASS A,Information Technology
CPRX,CATALYST PHARMACEUTICALS INC,Health Care
PII,POLARIS INC,Consumer Discretionary
UCTT,ULTRA CLEAN HOLDINGS INC,Information Technology
SKYW,SKYWEST INC,Industrials
ANF,ABERCROMBIE AND FITCH CLASS A,Consumer Discretionary
ASO,ACADEMY SPORTS AND OUTDOORS INC,Consumer Discretionary
ALHC,ALIGNMENT HEALTHCARE INC,Health Care
TWST,TWIST BIOSCIENCE CORP,Health Care
BKU,BANKUNITED INC,Financials
CLSK,CLEANSPARK INC,Information Technology
PJT,PJT PARTNERS INC CLASS A,Financials
KFY,KORN FERRY,Industrials
NHI,NATIONAL HEALTH INVESTORS REIT INC,Real Estate
TVTX,TRAVERE THERAPEUTICS INC,Health Care
CVBF,CVB FINANCIAL CORP,Financials
SIG,SIGNET JEWELERS LTD,Consumer Discretionary
GFF,GRIFFON CORP,Industrials
LEU,CENTRUS ENERGY CORP CLASS A,Energy
XMTR,XOMETRY INC CLASS A,Industrials
CENX,CENTURY ALUMINUM,Materials
AAP,ADVANCE AUTO PARTS INC,Consumer Discretionary
VECO,VEECO INSTRUMENTS INC,Information Technology
DORM,DORMAN PRODUCTS INC,Consumer Discretionary
QLYS,QUALYS INC,Information Technology
MHO,M I HOMES INC,Consumer Discretionary
PBF,PBF ENERGY INC CLASS A,Energy
OTTR,OTTER TAIL CORP,Utilities
SEI,SOLARIS OILFIELD INFRASTRUCTURE IN,Energy
CC,CHEMOURS,Materials
LMND,LEMONADE INC,Financials
AVNT,AVIENT CORP,Materials
AVA,AVISTA CORP,Utilities
VRNS,VARONIS SYSTEMS INC,Information Technology
CBU,COMMUNITY FINANCIAL SYSTEM INC,Financials
FFBC,FIRST FINANCIAL BANCORP,Financials
FUL,HB FULLER,Materials
OPCH,OPTION CARE HEALTH INC,Health Care
CALM,CAL MAINE FOODS INC,Consumer Staples
VSCO,VICTORIA S SECRET,Consumer Discretionary
NATL,NCR ATLEOS CORP,Financials
SLG,SL GREEN REALTY REIT CORP,Real Estate
HWKN,HAWKINS INC,Materials
COCO,THE VITA COCO COMPANY INC,Consumer Staples
WSBC,WESBANCO INC,Financials
SXI,STANDEX INTERNATIONAL CORP,Industrials
NVTS,NAVITAS SEMICONDUCTOR CORP,Information Technology
CRGY,CRESCENT ENERGY CLASS A,Energy
APLE,APPLE HOSPITALITY REIT INC,Real Estate
FIBK,FIRST INTERSTATE BANCSYSTEM INC,Financials
VCYT,VERACYTE INC,Health Care
KMT,KENNAMETAL INC,Industrials
BOH,BANK OF HAWAII CORP,Financials
QTWO,Q2 HOLDINGS INC,Information Technology
BKD,BROOKDALE SENIOR LIVING INC,Health Care
EXPO,EXPONENT INC,Industrials
LASR,NLIGHT INC,Information Technology
EXTR,EXTREME NETWORKS INC,Information Technology
RUN,SUNRUN INC,Industrials
VC,VISTEON CORP,Consumer Discretionary
PATK,PATRICK INDUSTRIES INC,Consumer Discretionary
PARR,PAR PACIFIC HOLDINGS INC,Energy
DNTH,DIANTHUS THERAPEUTICS INC,Health Care
AMBA,AMBARELLA INC,Information Technology
BXMT,BLACKSTONE MORTGAGE TRUST REIT CLA,Financials
BELFB,BEL FUSE INC CLASS B,Information Technology
LXP,LXP INDUSTRIAL TRUST,Real Estate
ACMR,ACM RESEARCH CLASS A INC,Information Technology
KBH,KB HOME,Consumer Discretionary
ITGR,INTEGER HOLDINGS CORP,Health Care
CARG,CARGURUS INC CLASS A,Communication
BEAM,BEAM THERAPEUTICS INC,Health Care
SFNC,SIMMONS FIRST NATIONAL CORP CLASS,Financials
UNFI,UNITED NATURAL FOODS INC,Consumer Staples
ADEA,ADEIA INC,Information Technology
PHIN,PHINIA INC,Consumer Discretionary
SDRL,SEADRILL LTD,Energy
NMIH,NMI HOLDINGS INC,Financials
PLMR,PALOMAR HOLDINGS INC,Financials
BHE,BENCHMARK ELECTRONICS INC,Information Technology
ICUI,ICU MEDICAL INC,Health Care
CPK,CHESAPEAKE UTILITIES CORP,Utilities
AWR,AMERICAN STATES WATER,Utilities
CTRI,CENTURI HOLDINGS INC,Industrials
HGV,HILTON GRAND VACATIONS INC,Consumer Discretionary
TRN,TRINITY INDUSTRIES INC,Industrials
BTU,PEABODY ENERGY CORP,Energy
SBCF,SEACOAST BANKING OF FLORIDA,Financials
CHEF,CHEFS WAREHOUSE INC,Consumer Staples
AKR,ACADIA REALTY TRUST REIT,Real Estate
TOWN,TOWNEBANK,Financials
CNK,CINEMARK HOLDINGS INC,Communication
ORKA,ORUKA THERAPEUTICS INC,Health Care
KN,KNOWLES CORP,Information Technology
SUPN,SUPERNUS PHARMACEUTICALS INC,Health Care
PLAB,PHOTRONICS INC,Information Technology
MRX,MAREX GROUP PLC,Financials
GPOR,GULFPORT ENERGY CORP,Energy
SHOO,STEVEN MADDEN LTD,Consumer Discretionary
KALU,KAISER ALUMINIUM CORP,Materials
GEO,GEO GROUP INC,Industrials
PFS,PROVIDENT FINANCIAL SERVICES INC,Financials
ACAD,ACADIA PHARMACEUTICALS INC,Health Care
UE,URBAN EDGE PROPERTIES,Real Estate
WDFC,WD-40,Consumer Staples
CAKE,CHEESECAKE FACTORY INC,Consumer Discretionary
DBRG,DIGITALBRIDGE GROUP INC CLASS A,Financials
DNLI,DENALI THERAPEUTICS INC,Health Care
MGRC,MCGRATH RENT,Industrials
STNE,STONECO LTD CLASS A,Financials
PRVA,PRIVIA HEALTH GROUP INC,Health Care
WAFD,WAFD INC,Financials
LQDA,LIQUIDIA CORP,Health Care
FSLY,FASTLY INC CLASS A,Information Technology
LCII,LCI INDUSTRIES,Consumer Discretionary
NTCT,NETSCOUT SYSTEMS INC,Information Technology
MGEE,MGE ENERGY INC,Utilities
ARCB,ARCBEST CORP,Industrials
CON,CONCENTRA GROUP HOLDINGS PARENT IN,Health Care
BCC,BOISE CASCADE,Industrials
WRBY,WARBY PARKER INC CLASS A,Consumer Discretionary
NIC,NICOLET BANKSHARES INC,Financials
FCPT,FOUR CORNERS PROPERTY INC TRUST,Real Estate
SHAK,SHAKE SHACK INC CLASS A,Consumer Discretionary
CURB,CURBLINE PROPERTIES,Real Estate
AEHR,AEHR TEST SYSTEMS,Information Technology
LUNR,INTUITIVE MACHINES INC CLASS A,Industrials
MCY,MERCURY GENERAL CORP,Financials
NGVT,INGEVITY CORP,Materials
DX,DYNEX CAPITAL REIT INC,Financials
SLNO,SOLENO THERAPEUTICS INC,Health Care
AEO,AMERICAN EAGLE OUTFITTERS INC,Consumer Discretionary
MSGE,MADISON SQUARE GARDEN ENTERTAINMEN,Communication
WK,WORKIVA INC CLASS A,Information Technology
DK,DELEK US HOLDINGS INC,Energy
RRR,RED ROCK RESORTS ORS CLASS A INC,Consumer Discretionary
CALX,CALIX NETWORKS INC,Information Technology
PBH,PRESTIGE CONSUMER HEALTHCARE INC,Health Care
TNGX,TANGO THERAPEUTICS INC,Health Care
CWT,CALIFORNIA WATER SERVICE GROUP,Utilities
VISN,VISTANCE NETWORKS INC,Information Technology
DAVE,DAVE INC CLASS A,Financials
PFSI,PENNYMAC FINANCIAL SERVICES INC,Financials
HUBG,HUB GROUP INC CLASS A,Industrials
PRK,PARK NATIONAL CORP,Financials
NMRK,NEWMARK GROUP INC CLASS A,Real Estate
BANC,BANC OF CALIFORNIA INC,Financials
DHT,DHT HOLDINGS INC,Energy
RSI,RUSH STREET INTERACTIVE INC CLASS,Consumer Discretionary
HAE,HAEMONETICS CORP,Health Care
TENB,TENABLE HOLDINGS INC,Information Technology
IVT,INVENTRUST PROPERTIES CORP,Real Estate
FRME,FIRST MERCHANTS CORP,Financials
CUBI,CUSTOMERS BANCORP INC,Financials
LION,LIONSGATE STUDIOS CORP,Communication
TARS,TARSUS PHARMACEUTICALS INC,Health Care
OSW,ONESPAWORLD HOLDINGS LTD,Consumer Discretionary
HE,HAWAIIAN ELECTRIC INDUSTRIES INC,Utilities
TXG,10X GENOMICS INC CLASS A,Health Care
CLDX,CELLDEX THERAPEUTICS INC,Health Care
UPST,UPSTART HOLDINGS INC,Financials
ATKR,ATKORE INC,Industrials
TRMK,TRUSTMARK CORP,Financials
TBBK,BANCORP INC,Financials
JOE,ST JOE,Real Estate
BBT,BEACON FINANCIAL CORP,Financials
PPTA,PERPETUA RESOURCES CORP,Materials
ROG,ROGERS CORP,Information Technology
ABM,ABM INDUSTRIES INC,Industrials
GOLF,ACUSHNET HOLDINGS CORP,Consumer Discretionary
AMSC,AMERICAN SUPERCONDUCTOR CORP,Industrials
TMDX,TRANSMEDICS GROUP INC,Health Care
ATRO,ASTRONICS CORP,Industrials
MTX,MINERALS TECHNOLOGIES INC,Materials
HNI,HNI CORP,Industrials
ICHR,ICHOR HOLDINGS LTD,Information Technology
DNOW,DNOW INC,Industrials
EWTX,EDGEWISE THERAPEUTICS INC,Health Care
CECO,CECO ENVIRONMENTAL CORP,Industrials
APAM,ARTISAN PARTNERS ASSET MANAGEMENT,Financials
CLMT,CALUMET INC,Energy
FBNC,FIRST BANCORP,Financials
NG,NOVAGOLD RESOURCES INC,Materials
IDYA,IDEAYA BIOSCIENCES INC,Health Care
NTB,BANK OF NT BUTTERFIELD & SON LTD,Financials
VRRM,VERRA MOBILITY CORP CLASS A,Industrials
BANF,BANCFIRST CORP,Financials
FBK,FB FINANCIAL CORP,Financials
DYN,DYNE THERAPEUTICS INC,Health Care
PLUS,EPLUS,Information Technology
MZTI,MARZETTI,Consumer Staples
WAY,WAYSTAR HOLDING CORP,Health Care
WT,WISDOMTREE INC,Financials
NBTB,NBT BANCORP INC,Financials
ANDE,ANDERSONS INC,Consumer Staples
DGII,DIGI INTERNATIONAL INC,Information Technology
BATRK,ATLANTA BRAVES HOLDINGS INC SERIES,Communication
GPGI,GPGI INC CLASS A,Information Technology
BANR,BANNER CORP,Financials
NOG,NORTHERN OIL AND GAS INC,Energy
PRDO,PERDOCEO EDUCATION CORP,Consumer Discretionary
IBRX,IMMUNITYBIO INC,Health Care
DFTX,DEFINIUM THERAPEUTICS INC,Health Care
CSGS,CSG SYSTEMS INTERNATIONAL INC,Industrials
ARQT,ARCUTIS BIOTHERAPEUTICS INC,Health Care
CXW,CORECIVIC REIT INC,Industrials
IMNM,IMMUNOME INC,Health Care
HLIO,HELIOS TECHNOLOGIES INC,Industrials
ALRM,ALARM.COM HOLDINGS INC,Information Technology
BLBD,BLUE BIRD CORP,Industrials
LMAT,LEMAITRE VASCULAR INC,Health Care
BUSE,FIRST BUSEY CORP,Financials
PTON,PELOTON INTERACTIVE CLASS A INC,Consumer Discretionary
KNTK,KINETIK HOLDINGS INC CLASS A,Energy
AMR,ALPHA METALLURGICAL RESOURCE INC,Materials
DRH,DIAMONDROCK HOSPITALITY,Real Estate
IMVT,IMMUNOVANT INC,Health Care
GRAL,GRAIL INC,Health Care
VERA,VERA THERAPEUTICS INC CLASS A,Health Care
EFSC,ENTERPRISE FINANCIAL SERVICES CORP,Financials
ADPT,ADAPTIVE BIOTECHNOLOGIES CORP,Health Care
CPRI,CAPRI HOLDINGS LTD,Consumer Discretionary
COHU,COHU INC,Information Technology
FUN,SIX FLAGS ENTERTAINMENT CORP,Consumer Discretionary
SPSC,SPS COMMERCE INC,Information Technology
NHC,NATIONAL HEALTHCARE CORP,Health Care
VAC,MARRIOTT VACATIONS WORLDWIDE CORP,Consumer Discretionary
HURN,HURON CONSULTING GROUP INC,Industrials
THR,THERMON GROUP HOLDINGS INC,Industrials
WERN,WERNER ENTERPRISES INC,Industrials
FLYW,FLYWIRE CORP,Financials
AXGN,AXOGEN INC,Health Care
STC,STEWART INFO SERVICES CORP,Financials
NWN,NORTHWEST NATURAL HOLDING COMPANY,Utilities
NSIT,INSIGHT ENTERPRISES INC,Information Technology
PENG,PENGUIN SOLUTIONS INC,Information Technology
RCUS,ARCUS BIOSCIENCES INC,Health Care
SGHC,SUPER GROUP LTD,Consumer Discretionary
AMRX,AMNEAL PHARMACEUTICALS INC CLASS A,Health Care
OFG,OFG BANCORP,Financials
GRBK,GREEN BRICK PARTNERS INC,Consumer Discretionary
TIC,TIC SOLUTIONS INC,Industrials
NEOG,NEOGEN CORP,Health Care
BCRX,BIOCRYST PHARMACEUTICALS INC,Health Care
BULL,WEBULL CORP CLASS A,Financials
CASH,PATHWARD FINANCIAL INC,Financials
BWIN,BALDWIN INSURANCE GROUP INC CLASS,Financials
SMR,NUSCALE POWER CORP CLASS A,Industrials
VVX,V2X INC,Industrials
NWBI,NORTHWEST BANCSHARES INC,Financials
ARR,ARMOUR RESIDENTIAL REIT INC,Financials
BRZE,BRAZE INC CLASS A,Information Technology
MGNI,MAGNITE INC,Communication
CNS,COHEN & STEERS INC,Financials
CWK,CUSHMAN AND WAKEFIELD LTD,Real Estate
ERAS,ERASCA INC,Health Care
KWR,QUAKER HOUGHTON CORP,Materials
ATEN,A10 NETWORKS INC,Information Technology
BFH,BREAD FINANCIAL HOLDINGS INC,Financials
EOSE,EOS ENERGY ENTERPRISES INC CLASS A,Industrials
MD,PEDIATRIX MEDICAL GROUP INC,Health Care
ADMA,ADMA BIOLOGICS INC,Health Care
DBD,DIEBOLD NIXDORF INC,Information Technology
TNK,TEEKAY TANKERS LTD CLASS A,Energy
DXPE,DXP ENTERPRISES INC,Industrials
QUBT,QUANTUM COMPUTING INC,Information Technology
CALY,CALLAWAY GOLF COMPANY,Consumer Discretionary
SPNT,SIRIUSPOINT LTD,Financials
LC,LENDINGCLUB CORP,Financials
OMCL,OMNICELL INC,Health Care
HMN,HORACE MANN EDUCATORS CORP,Financials
SHO,SUNSTONE HOTEL INVESTORS REIT INC,Real Estate
TALO,TALOS ENERGY INC,Energy
DCO,DUCOMMUN INC,Industrials
FCF,FIRST COMMONWEALTH FINANCIAL CORP,Financials
HTO,H2O AMERICA,Utilities
GT,GOODYEAR TIRE & RUBBER,Consumer Discretionary
IOSP,INNOSPEC INC,Materials
RAMP,LIVERAMP HOLDINGS INC,Information Technology
SYBT,STOCK YARDS BANCORP INC,Financials
FRSH,FRESHWORKS INC CLASS A,Information Technology
AGYS,AGILYSYS INC,Information Technology
EPAC,ENERPAC TOOL GROUP CORP CLASS A,Industrials
UNIT,UNITI GROUP INC,Communication
AMPX,AMPRIUS TECHNOLOGIES INC,Industrials
IRON,DISC MEDICINE INC,Health Care
NN,NEXTNAV INC,Information Technology
NNI,NELNET INC CLASS A,Financials
PAGS,PAGSEGURO DIGITAL LTD CLASS A,Financials
SMA,SMARTSTOP SELF STORAGE REIT INC,Real Estate
STRA,STRATEGIC EDUCATION INC,Consumer Discretionary
LTC,LTC PROPERTIES REIT INC,Real Estate
GNL,GLOBAL NET LEASE INC,Real Estate
OCUL,OCULAR THERAPEUTIX INC,Health Care
BBAI,BIGBEAR.AI HOLDINGS INC,Information Technology
AUPH,AURINIA PHARMACEUTICALS INC,Health Care
ECPG,ENCORE CAPITAL GROUP INC,Financials
SPB,SPECTRUM BRANDS HOLDINGS INC,Consumer Staples
WD,WALKER & DUNLOP INC,Financials
AAMI,ACADIAN ASSET MANAGEMENT INC,Financials
GTY,GETTY REALTY REIT CORP,Real Estate
DHC,DIVERSIFIED HEALTHCARE TRUST,Real Estate
SKWD,SKYWARD SPECIALTY INSURANCE GROUP,Financials
SONO,SONOS INC,Consumer Discretionary
EYE,NATIONAL VISION HOLDINGS INC,Consumer Discretionary
RLAY,RELAY THERAPEUTICS INC,Health Care
SNDX,SYNDAX PHARMACEUTICALS INC,Health Care
SEM,SELECT MEDICAL HOLDINGS CORP,Health Care
VCEL,VERICEL CORP,Health Care
AIN,ALBANY INTERNATIONAL CORP CLASS A,Industrials
ADUS,ADDUS HOMECARE CORP,Health Care
WOR,WORTHINGTON ENTERPRISES INC,Industrials
FIVN,FIVE9 INC,Information Technology
STEL,STELLAR BANCORP INC,Financials
STBA,S AND T BANCORP INC,Financials
CTS,CTS CORP,Information Technology
AGM,FEDERAL AGRICULTURAL MORTGAGE NON,Financials
ADNT,ADIENT PLC,Consumer Discretionary
IPAR,INTERPARFUMS INC,Consumer Staples
SILA,SILA RLTY TR INC TRUST,Real Estate
ALG,ALAMO GROUP INC,Industrials
NTST,NETSTREIT CORP,Real Estate
BTDR,BITDEER TECHNOLOGIES GROUP CLASS A,Information Technology
INVA,INNOVIVA INC,Health Care
NVCR,NOVOCURE LTD,Health Care
ZD,ZIFF DAVIS INC,Communication
HTH,HILLTOP HOLDINGS INC,Financials
YELP,YELP INC,Communication
CRVL,CORVEL CORP,Health Care
NBHC,NATIONAL BANK HOLDINGS CORP CLASS,Financials
CENTA,CENTRAL GARDEN AND PET CLASS A,Consumer Staples
UTI,UNIVERSAL TECHNICAL INSTITUTE INC,Consumer Discretionary
PEB,PEBBLEBROOK HOTEL TRUST REIT,Real Estate
ARDX,ARDELYX INC,Health Care
BORR,BORR DRILLING LTD,Energy
BKE,BUCKLE INC,Consumer Discretionary
UFPT,UFP TECHNOLOGIES INC,Health Care
TPB,TURNING POINT BRANDS INC,Consumer Staples
NRIX,NURIX THERAPEUTICS INC,Health Care
HCI,HCI GROUP INC,Financials
KOD,KODIAK SCIENCES INC,Health Care
CHCO,CITY HOLDING,Financials
SEZL,SEZZLE INC,Financials
DEI,DOUGLAS EMMETT REIT INC,Real Estate
XHR,XENIA HOTELS RESORTS REIT INC,Real Estate
EFC,ELLINGTON FINANCIAL INC,Financials
WLY,JOHN WILEY AND SONS INC CLASS A,Communication
GEF,GREIF INC CLASS A,Materials
ALMS,ALUMIS INC,Health Care
PRLB,PROTO LABS INC,Industrials
STOK,STOKE THERAPEUTICS INC,Health Care
TILE,INTERFACE INC,Industrials
PBI,PITNEY BOWES INC,Industrials
SOC,SABLE OFFSHORE CORP CLASS A,Energy
ECVT,ECOVYST INC,Materials
WTTR,SELECT WATER SOLUTIONS INC CLASS A,Energy
ELVN,ENLIVEN THERAPEUTICS INC,Health Care
GRC,GORMAN-RUPP,Industrials
ANIP,ANI PHARMACEUTICALS INC,Health Care
HCSG,HEALTHCARE SERVICES GROUP INC,Industrials
NESR,NATIONAL ENERGY SERVICES REUNITED,Energy
IIPR,INNOVATIVE INDUSTRIAL PROPERTIES I,Real Estate
CMPR,CIMPRESS PLC,Industrials
TNC,TENNANT,Industrials
TCBK,TRICO BANCSHARES,Financials
GABC,GERMAN AMERICAN BANCORP INC,Financials
KSS,KOHLS CORP,Consumer Discretionary
CBZ,CBIZ INC,Industrials
HLMN,HILLMAN SOLUTIONS CORP,Industrials
BLX,BANCO LATINOAMERICANO DE COMERCIO,Financials
ENOV,ENOVIS CORP,Health Care
IMAX,IMAX CORP,Communication
BL,BLACKLINE INC,Information Technology
AGIO,AGIOS PHARMACEUTICALS INC,Health Care
AORT,ARTIVION INC,Health Care
HOPE,HOPE BANCORP INC,Financials
EVTC,EVERTEC INC,Financials
ARI,APOLLO COMMERCIAL REAL ESTATE FINA,Financials
AVPT,AVEPOINT INC CLASS A,Information Technology
LKFN,LAKELAND FINANCIAL CORP,Financials
GBX,GREENBRIER INC,Industrials
NTLA,INTELLIA THERAPEUTICS INC,Health Care
TFIN,TRIUMPH FINANCIAL INC,Financials
PUMP,PROPETRO HOLDING CORP,Energy
PDFS,PDF SOLUTIONS INC,Information Technology
MQ,MARQETA INC CLASS A,Financials
JBLU,JETBLUE AIRWAYS CORP,Industrials
ARLO,ARLO TECHNOLOGIES INC,Information Technology
VRE,VERIS RESIDENTIAL INC,Real Estate
MCRI,MONARCH CASINO AND RESORT INC,Consumer Discretionary
QCRH,QCR HOLDINGS INC,Financials
RXRX,RECURSION PHARMACEUTICALS INC CLAS,Health Care
HLF,HERBALIFE LTD,Consumer Staples
DCOM,DIME COMMUNITY BANCSHARES INC,Financials
PACS,PACS GROUP INC,Health Care
LPG,DORIAN LPG LTD,Energy
CAPR,CAPRICOR THERAPEUTICS INC,Health Care
ASTH,ASTRANA HEALTH INC,Health Care
LZB,LA-Z-BOY INC,Consumer Discretionary
PAYO,PAYONEER GLOBAL INC,Financials
TSHA,TAYSHA GENE THERAPIES INC,Health Care
LFST,LIFESTANCE HEALTH GROUP INC,Health Care
BFC,BANK FIRST CORP,Financials
IE,IVANHOE ELECTRIC INC,Materials
SLVM,SYLVAMO CORP,Materials
NVRI,ENVIRI CORP,Industrials
WKC,WORLD KINECT CORP,Energy
FTRE,FORTREA HOLDINGS INC,Health Care
PRG,PROG HOLDINGS INC,Financials
NSSC,NAPCO SECURITY TECHNOLOGIES INC,Information Technology
PGNY,PROGYNY INC,Health Care
CNOB,CONNECTONE BANCORP INC,Financials
BLKB,BLACKBAUD INC,Information Technology
HG,HAMILTON INSURANCE GROUP LTD CLASS,Financials
SFL,SFL LTD,Energy
AESI,ATLAS ENERGY SOLUTIONS INC,Energy
REX,REX AMERICAN RESOURCES CORP,Energy
INOD,INNODATA INC,Industrials
OBK,ORIGIN BANCORP INC,Financials
MLYS,MINERALYS THERAPEUTICS INC,Health Care
ABR,ARBOR REALTY TRUST REIT INC,Financials
WWW,WOLVERINE WORLD WIDE INC,Consumer Discretionary
NVAX,NOVAVAX INC,Health Care
OUST,OUSTER INC,Information Technology
CCS,CENTURY COMMUNITIES INC,Consumer Discretionary
AMLX,AMYLYX PHARMACEUTICALS INC,Health Care
SBH,SALLY BEAUTY HOLDINGS INC,Consumer Discretionary
BAND,BANDWIDTH INC CLASS A,Communication
HRMY,HARMONY BIOSCIENCES HLDG INC,Health Care
FIGS,FIGS INC CLASS A,Consumer Discretionary
NBR,NABORS INDUSTRIES LTD,Energy
VRDN,VIRIDIAN THERAPEUTICS ORS INC,Health Care
OI,O I GLASS INC,Materials
SRCE,1ST SOURCE CORP,Financials
LEG,LEGGETT & PLATT INC,Consumer Discretionary
INTA,INTAPP INC,Information Technology
KOS,KOSMOS ENERGY LTD,Energy
ICFI,ICF INTERNATIONAL INC,Industrials
HLIT,HARMONIC INC,Information Technology
HLX,HELIX ENERGY SOLUTIONS GROUP INC,Energy
PRCT,PROCEPT BIOROBOTICS CORP,Health Care
FLNC,FLUENCE ENERGY INC CLASS A,Industrials
WS,WORTHINGTON STEEL INC,Materials
TRVI,TREVI THERAPEUTICS INC,Health Care
LOB,LIVE OAK BANCSHARES INC,Financials
BRSL,BRIGHTSTAR LOTTERY PLC,Consumer Discretionary
ATRC,ATRICURE INC,Health Care
SLDE,SLIDE INSURANCE HOLDINGS INC,Financials
NEXT,NEXTDECADE CORP,Energy
ZYME,ZYMEWORKS INC,Health Care
TRS,TRIMAS CORP,Materials
KW,KENNEDY WILSON HOLDINGS INC,Real Estate
REAL,THE REALREAL INC,Consumer Discretionary
SHLS,SHOALS TECHNOLOGIES GROUP INC CLAS,Industrials
DCH,DAUCH CORPORATION,Consumer Discretionary
UAMY,UNITED STATES ANTIMONY CORP,Materials
UVV,UNIVERSAL CORP,Consumer Staples
LINC,LINCOLN EDUCATIONAL SERVICES CORP,Consumer Discretionary
UPWK,UPWORK INC,Industrials
TWO,TWO HARBORS INVESTMENT CORP,Financials
ORC,ORCHID ISLAND CAPITAL INC,Financials
TRIP,TRIPADVISOR INC,Communication
ARRY,ARRAY TECHNOLOGIES INC,Industrials
TNET,TRINET GROUP INCINARY,Industrials
XPRO,EXPRO GROUP HOLDINGS NV,Energy
WABC,WESTAMERICA BANCORPORATION,Financials
UMH,UMH PROPERTIES INC,Real Estate
CRI,CARTERS INC,Consumer Discretionary
NPKI,NPK INTERNATIONAL INC,Industrials
FDP,FRESH DEL MONTE PRODUCE INC,Consumer Staples
PRA,PROASSURANCE CORP,Financials
IMKTA,INGLES MARKETS INC CLASS A,Consumer Staples
TNDM,TANDEM DIABETES CARE INC,Health Care
TTI,TETRA TECHNOLOGIES INC,Energy
FA,FIRST ADVANTAGE CORP,Industrials
TDOC,TELADOC HEALTH INC,Health Care
ANAB,ANAPTYSBIO INC,Health Care
ACT,ENACT HOLDINGS INC,Financials
ENVX,ENOVIX CORP,Industrials
GBTG,GLOBAL BUSINESS TRAVEL GROUP INC C,Consumer Discretionary
HROW,HARROW INC,Health Care
PWP,PERELLA WEINBERG PARTNERS CLASS A,Financials
COLL,COLLEGIUM PHARMACEUTICAL INC,Health Care
PRGS,PROGRESS SOFTWARE CORP,Information Technology
AI,C3 AI INC CLASS A,Information Technology
MIAX,MIAMI INTERNATIONAL HOLDINGS INC,Financials
VOYG,VOYAGER TECHNOLOGIES INC CLASS A,Industrials
ASTE,ASTEC INDUSTRIES INC,Industrials
VTOL,BRISTOW GROUP INC,Energy
MBIN,MERCHANTS BANCORP,Financials
PEBO,PEOPLES BANCORP INC,Financials
FIHL,FIDELIS INSURANCE HOLDINGS LTD,Financials
AHCO,ADAPTHEALTH CORP,Health Care
LADR,LADDER CAPITAL CORP CLASS A,Financials
SAH,SONIC AUTOMOTIVE INC CLASS A,Consumer Discretionary
DLX,DELUXE CORP,Industrials
ALKT,ALKAMI TECHNOLOGY INC,Information Technology
GLUE,MONTE ROSA THERAPEUTICS INC,Health Care
PNTG,PENNANT GROUP INC,Health Care
NAT,NORDIC AMERICAN TANKERS LTD,Energy
IOVA,IOVANCE BIOTHERAPEUTICS INC,Health Care
CNMD,CONMED CORP,Health Care
NSP,INSPERITY INC,Industrials
ALGT,ALLEGIANT TRAVEL,Industrials
SKYT,SKYWATER TECHNOLOGY INC,Information Technology
RAPP,RAPPORT THERAPEUTICS INC,Health Care
USLM,UNITED STATES LIME AND MINERALS IN,Materials
RLJ,RLJ LODGING TRUST REIT,Real Estate
LNN,LINDSAY CORP,Industrials
TMP,TOMPKINS FINANCIAL CORP,Financials
ENR,ENERGIZER HOLDINGS INC,Consumer Staples
VYX,NCR VOYIX CORP,Information Technology
NEO,NEOGENOMICS INC,Health Care
RYZ,RYERSON HOLDING CORP,Materials
PCT,PURECYCLE TECHNOLOGIES INC,Materials
NUVB,NUVATION BIO INC CLASS A,Health Care
CSR,CENTERSPACE,Real Estate
GIII,G III APPAREL GROUP LTD,Consumer Discretionary
TGLS,TECNOGLASS INC,Industrials
CLOV,CLOVER HEALTH INVESTMENTS CORP CLA,Health Care
BHVN,BIOHAVEN LTD,Health Care
INBX,INHIBRX BIOSCIENCES INC,Health Care
AAT,AMERICAN ASSETS TRUST REIT INC,Real Estate
GPRE,GREEN PLAINS INC,Energy
JJSF,J AND J SNACK FOODS CORP,Consumer Staples
DFIN,DONNELLEY FINANCIAL SOLUTIONS INC,Financials
CIM,CHIMERA INVESTMENT CORP,Financials
MLKN,MILLERKNOLL INC,Industrials
ROCK,GIBRALTAR INDUSTRIES INC,Industrials
XPEL,XPEL INC,Consumer Discretionary
UVSP,UNIVEST FINANCIAL CORP,Financials
SCL,STEPAN,Materials
AVNS,AVANOS MEDICAL INC,Health Care
SGRY,SURGERY PARTNERS INC,Health Care
ALH,ALLIANCE LAUNDRY HOLDINGS INC,Industrials
EVLV,EVOLV TECHNOLOGIES HOLDINGS INC CL,Information Technology
CRK,COMSTOCK RESOURCES INC,Energy
ADTN,ADTRAN HOLDINGS INC,Information Technology
MSFUT,CASH COLLATERAL MSFUT USD,Cash and/or Derivatives
SAFT,SAFETY INSURANCE GROUP INC,Financials
ACVA,ACV AUCTIONS INC CLASS A,Industrials
CDNA,CAREDX INC,Health Care
WINA,WINMARK CORP,Consumer Discretionary
MNKD,MANNKIND CORP,Health Care
NNE,NANO NUCLEAR ENERGY INC,Industrials
PZZA,PAPA JOHNS INTERNATIONAL INC,Consumer Discretionary
PDM,PIEDMONT REALTY TRUST INC CLASS A,Real Estate
URGN,UROGEN PHARMA LTD,Health Care
LILAK,LIBERTY LATIN AMERICA LTD CLASS C,Communication
RCAT,RED CAT HOLDINGS INC,Industrials
SMPL,THE SIMPLY GOOD FOODS COMPANY,Consumer Staples
OCFC,OCEANFIRST FINANCIAL CORP,Financials
CTBI,COMMUNITY TRUST BANCORP INC,Financials
OSBC,OLD SECOND BANCORP INC,Financials
OLMA,OLEMA PHARMACEUTICALS INC,Health Care
BY,BYLINE BANCORP INC,Financials
XERS,XERIS BIOPHARMA HOLDINGS INC,Health Care
UVE,UNIVERSAL INSURANCE HOLDINGS INC,Financials
WLDN,WILLDAN GROUP INC,Industrials
EYPT,EYEPOINT INC,Health Care
TDAY,USA TODAY INC,Communication
BUR,BURFORD CAPITAL LTD,Financials
GENI,GENIUS SPORTS LTD,Consumer Discretionary
NWPX,NWPX INFRASTRUCTURE INC,Industrials
TE,T1 ENERGY INC,Information Technology
INVX,INNOVEX INTERNATIONAL INC,Energy
PMT,PENNYMAC MORTGAGE INVESTMENT TRUST,Financials
VERX,VERTEX INC CLASS A,Information Technology
BKSY,BLACKSKY TECHNOLOGY INC CLASS A,Industrials
GCT,GIGACLOUD TECHNOLOGY INC CLASS A,Consumer Discretionary
MFA,MFA FINANCIAL INC,Financials
KALV,KALVISTA PHARMACEUTICALS INC,Health Care
PLOW,DOUGLAS DYNAMICS INC,Industrials
DOLE,DOLE PLC,Consumer Staples
SCSC,SCANSOURCE INC,Information Technology
FG,F&G ANNUITIES AND LIFE INC,Financials
CVI,CVR ENERGY INC,Energy
BHRB,BURKE HERBERT FINANCIAL SERVICES C,Financials
UFCS,UNITED FIRE GROUP INC,Financials
TROX,TRONOX HOLDINGS PLC,Materials
OMER,OMEROS CORP,Health Care
GHM,GRAHAM CORP,Industrials
PRKS,UNITED PARKS AND RESORTS INC,Consumer Discretionary
WVE,WAVE LIFE SCIENCES LTD,Health Care
DEA,EASTERLY GOVERNMENT PROPERTIES INC,Real Estate
GSHD,GOOSEHEAD INSURANCE INC CLASS A,Financials
FLNG,FLEX LNG LTD,Energy
PRCH,PORCH GROUP INC,Information Technology
MBC,MASTERBRAND INC,Industrials
UPBD,UPBOUND GROUP INC,Consumer Discretionary
MBX,MBX BIOSCIENCES INC,Health Care
AMAL,AMALGAMATED FINANCIAL CORP,Financials
EPC,EDGEWELL PERSONAL CARE,Consumer Staples
DEC,DIVERSIFIED ENERGY COMPANY,Energy
RDW,REDWIRE CORP,Industrials
SBSI,SOUTHSIDE BANCSHARES INC,Financials
FMBH,FIRST MID BANCSHARES INC,Financials
BLFS,BIOLIFE SOLUTIONS INC,Health Care
PCRX,PACIRA BIOSCIENCES INC,Health Care
WMK,WEIS MARKETS INC,Consumer Staples
CCB,COASTAL FINANCIAL CORP,Financials
AMRC,AMERESCO INC CLASS A,Industrials
ALNT,ALLIENT INC,Industrials
TRUP,TRUPANION INC,Financials
APEI,AMERICAN PUBLIC EDUCATION INC,Consumer Discretionary
AOSL,ALPHA AND OMEGA SEMICONDUCTOR LTD,Information Technology
LGIH,LGI HOMES INC,Consumer Discretionary
VRTS,VIRTUS INVESTMENT PARTNERS INC,Financials
HFWA,HERITAGE FINANCIAL CORP,Financials
HAFC,HANMI FINANCIAL CORP,Financials
PGY,PAGAYA TECHNOLOGIES LTD CLASS A,Information Technology
CRVS,CORVUS PHARMACEUTICALS INC,Health Care
AIP,ARTERIS INC,Information Technology
STAA,STAAR SURGICAL,Health Care
NBN,NORTHEAST BANK,Financials
BV,BRIGHTVIEW HOLDINGS INC,Industrials
APPN,APPIAN CORP CLASS A,Information Technology
CFFN,CAPITOL FEDERAL FINANCIAL INC,Financials
THRM,GENTHERM INC,Consumer Discretionary
JBGS,JBG SMITH PROPERTIES,Real Estate
AVBP,ARRIVENT BIOPHARMA INC,Health Care
MSEX,MIDDLESEX WATER,Utilities
NX,QUANEX BUILDING PRODUCTS CORP,Industrials
LIF,LIFE360 INC,Information Technology
TRST,TRUSTCO BANK CORP,Financials
IART,INTEGRA LIFESCIENCES HOLDINGS CORP,Health Care
ATEC,ALPHATEC HOLDNGS INC,Health Care
KODK,EASTMAN KODAK,Information Technology
CEVA,CEVA INC,Information Technology
EFOR,EVERFORTH INC,Information Technology
INDI,INDIE SEMICONDUCTOR INC CLASS A,Information Technology
CCNE,CNB FINANCIAL CORP,Financials
PLPC,PREFORMED LINE PRODUCTS,Industrials
COUR,COURSERA INC,Consumer Discretionary
HBNC,HORIZON BANCORP INC,Financials
CMP,COMPASS MINERALS INTERNATIONAL INC,Materials
CRAI,CRA INTERNATIONAL INC,Industrials
SAFE,SAFEHOLD INC,Real Estate
PAHC,PHIBRO ANIMAL HEALTH CORP CLASS A,Health Care
UTL,UNITIL CORP,Utilities
WSR,WHITESTONE REIT,Real Estate
USPH,US PHYSICAL THERAPY INC,Health Care
PVLA,PALVELLA THERAPEUTICS INC,Health Care
MRTN,MARTEN TRANSPORT LTD,Industrials
PRSU,PURSUIT ATTRACTIONS AND HOSPITALIT,Consumer Discretionary
VIR,VIR BIOTECHNOLOGY INC,Health Care
IDT,IDT CORP CLASS B,Communication
SNCY,SUN COUNTRY AIRLINES HOLDINGS INC,Industrials
WGO,WINNEBAGO INDUSTRIES INC,Consumer Discretionary
XNCR,XENCOR INC,Health Care
AMPH,AMPHASTAR PHARMACEUTICALS INC,Health Care
AMTB,AMERANT BANCORP INC CLASS A,Financials
AMN,AMN HEALTHCARE INC,Health Care
VSTS,VESTIS CORP,Industrials
FSUN,FIRSTSUN CAPITAL BANCORP,Financials
TYRA,TYRA BIOSCIENCES INC,Health Care
CPF,CENTRAL PACIFIC FINANCIAL CORP,Financials
CBL,CBL ASSOCIATES PROPERTIES INC,Real Estate
SLS,SELLAS LIFE SCIENCES GROUP INC,Health Care
MBWM,MERCANTILE BANK CORP,Financials
CDRE,CADRE HOLDINGS INC,Industrials
LQDT,LIQUIDITY SERVICES INC,Industrials
EIG,EMPLOYERS HOLDINGS INC,Financials
FIZZ,NATIONAL BEVERAGE CORP,Consumer Staples
BFST,BUSINESS FIRST BANCSHARES INC,Financials
BFLY,BUTTERFLY NETWORK INC CLASS A,Health Care
SVC,SERVICE PROPERTIES TRUST,Real Estate
GOLD,GOLD INC,Consumer Discretionary
SCHL,SCHOLASTIC CORP,Communication
MATW,MATTHEWS INTERNATIONAL CORP CLASS,Consumer Discretionary
MYE,MYERS INDUSTRIES INC,Materials
KOPN,KOPIN CORP,Information Technology
SMP,STANDARD MOTOR PRODUCTS INC,Consumer Discretionary
DRVN,DRIVEN BRANDS HOLDINGS INC,Consumer Discretionary
RVLV,REVOLVE GROUP CLASS A INC,Consumer Discretionary
CODI,COMPASS DIVERSIFIED,Financials
MCB,METROPOLITAN BANK HOLDING CORP,Financials
ZGN,ERMENEGILDO ZEGNA NV,Consumer Discretionary
GRDN,GUARDIAN PHARMACY SERVICES INC CLA,Health Care
PRAA,PRA GROUP INC,Financials
LIND,LINDBLAD EXPEDITIONS HOLDINGS INC,Consumer Discretionary
SHEN,SHENANDOAH TELECOMMUNICATIONS,Communication
CNXN,PC CONNECTION INC,Information Technology
CAC,CAMDEN NATIONAL CORP,Financials
ESRT,EMPIRE STATE REALTY REIT INC TRUST,Real Estate
THFF,FIRST FINANCIAL CORPORATION CORP,Financials
PAX,PATRIA INVESTMENTS LTD CLASS A,Financials
ASST,STRIVE INC CLASS A,Health Care
GNK,GENCO SHIPPING AND TRADING LTD,Industrials
DAKT,DAKTRONICS INC,Information Technology
AMC,AMC ENTERTAINMENT HOLDINGS INC CLA,Communication
CCOI,COGENT COMMUNICATIONS HOLDINGS INC,Communication
NBBK,NB BANCORP INC,Financials
RUM,RUMBLE INC CLASS A,Communication
ETON,ETON PHARMACEUTCIALS INC,Health Care
TR,TOOTSIE ROLL INDUSTRIES INC,Consumer Staples
GERN,GERON CORP,Health Care
EE,EXCELERATE ENERGY INC CLASS A,Energy
FMNB,FARMERS NATIONAL BANC CORP,Financials
CGEM,CULLINAN THERAPEUTICS INC,Health Care
JBIO,JADE BIOSCIENCES INC,Health Care
BJRI,BJS RESTAURANTS INC,Consumer Discretionary
LMB,LIMBACH HOLDINGS INC,Industrials
CMRE,COSTAMARE INC,Industrials
BRSP,BRIGHTSPIRE CAPITAL INC CLASS A,Financials
SABR,SABRE CORP,Consumer Discretionary
ABSI,ABSCI CORP,Health Care
BBUC,BROOKFIELD BUSINESS CORP CLASS A,Industrials
FOXF,FOX FACTORY HOLDING CORP,Consumer Discretionary
KOP,KOPPERS HOLDINGS INC,Materials
APOG,APOGEE ENTERPRISES INC,Industrials
ESQ,ESQUIRE FINANCIAL HOLDINGS INC,Financials
KFRC,KFORCE INC,Industrials
WGS,GENEDX HOLDINGS CORP CLASS A,Health Care
TK,TEEKAY CORPORATION CORP LTD,Energy
FLY,FIREFLY AEROSPACE INC,Industrials
GO,GROCERY OUTLET HOLDING CORP,Consumer Staples
AGL,AGILON HEALTH,Health Care
VPG,VISHAY PRECISION GROUP INC,Information Technology
AZTA,AZENTA INC,Health Care
LZ,LEGALZOOM COM INC,Industrials
ESPR,ESPERION THERAPEUTICS INC,Health Care
CRML,CRITICAL METALS CORP,Materials
SVRA,SAVARA INC,Health Care
PGEN,PRECIGEN INC,Health Care
ODC,OIL DRI CORPORATION OF AMERICA,Consumer Staples
KURA,KURA ONCOLOGY INC,Health Care
FBRT,FRANKLIN BSP REALTY TRUST INC,Financials
SDGR,SCHRODINGER INC,Health Care
BBSI,BARRETT BUSINESS SERVICES INC,Industrials
HTB,HOMETRUST BANCSHARES INC,Financials
ADAM,ADAMAS INC TRUST,Financials
TALK,TALKSPACE INC,Health Care
MMI,MARCUS & MILLICHAP INC,Real Estate
HTZ,HERTZ GLOBAL HLDGS INC,Industrials
BKV,BKV CORP,Energy
BCAX,BICARA THERAPEUTICS INC,Health Care
EGBN,EAGLE BANCORP INC,Financials
QNST,QUINSTREET INC,Communication
LXU,LSB INDUSTRIES INC,Materials
ANNX,ANNEXON INC,Health Care
EQBK,EQUITY BANCSHARES INC CLASS A,Financials
QDEL,QUIDELORTHO CORP,Health Care
NTGR,NETGEAR INC,Information Technology
NPK,NATIONAL PRESTO INDUSTRIES INC,Industrials
JBI,JANUS INTERNATIONAL GROUP INC,Industrials
PFBC,PREFERRED BANK,Financials
FWRG,FIRST WATCH RESTAURANT GROUP INC,Consumer Discretionary
RWT,REDWOOD TRUST REIT INC,Financials
SG,SWEETGREEN INC CLASS A,Consumer Discretionary
IDR,IDAHO STRATEGIC RESOURCES INC,Materials
ROOT,ROOT INC CLASS A,Financials
NB,NIOCORP DEVELOPMENTS LTD,Materials
STGW,STAGWELL INC CLASS A,Communication
SION,SIONNA THERAPEUTICS INC,Health Care
TRNS,TRANSCAT INC,Industrials
MCW,MISTER CAR WASH INC,Consumer Discretionary
MCHB,MECHANICS BANCORP CLASS A,Financials
HRTG,HERITAGE INSURANCE HOLDINGS INC,Financials
IRMD,IRADIMED CORP,Health Care
IHRT,IHEARTMEDIA INC CLASS A,Communication
NUTX,NUTEX HEALTH INC,Health Care
IBCP,INDEPENDENT BANK CORP,Financials
GDOT,GREEN DOT CORP CLASS A,Financials
CBRL,CRACKER BARREL OLD COUNTRY STORE I,Consumer Discretionary
FISI,FINANCIAL INSTITUTIONS INC,Financials
FCBC,FIRST COMMUNITY BANKSHARES INC,Financials
MITK,MITEK SYSTEMS INC,Information Technology
SMBC,SOUTHERN MISSOURI BANCORP INC,Financials
ORRF,ORRSTOWN FINANCIAL SERVICES INC,Financials
AMBQ,AMBIQ MICRO INC,Information Technology
NAVN,NAVAN INC CLASS A,Consumer Discretionary
EHAB,ENHABIT INC,Health Care
NXRT,NEXPOINT RESIDENTIAL TRUST INC,Real Estate
PGC,PEAPACK GLADSTONE FINANCIAL CORP,Financials
GCMG,GCM GROSVENOR INC CLASS A,Financials
MCBS,METROCITY BANKSHARES INC,Financials
BLMN,BLOOMIN BRANDS INC,Consumer Discretionary
IRWD,IRONWOOD PHARMA INC CLASS A,Health Care
LYTS,LSI INDUSTRIES INC,Industrials
FSBC,FIVE STAR BANCORP,Financials
MAZE,MAZE THERAPEUTICS INC,Health Care
MTUS,METALLUS INC,Materials
TBPH,THERAVANCE BIOPHARMA INC,Health Care
ABUS,ARBUTUS BIOPHARMA CORP,Health Care
PD,PAGERDUTY INC,Information Technology
CCBG,CAPITAL CITY BANK INC,Financials
NVGS,NAVIGATOR HOLDINGS LTD,Energy
CARS,CARS.COM INC,Communication
SWBI,SMITH WESSON BRANDS INC,Consumer Discretionary
SENEA,SENECA FOODS CORP CLASS A,Consumer Staples
RBCAA,REPUBLIC BANCORP INC CLASS A,Financials
ASC,ARDMORE SHIPPING CORP,Energy
OXM,OXFORD INDUSTRIES INC,Consumer Discretionary
IVR,INVESCO MORTGAGE CAPITAL REIT INC,Financials
CTLP,CANTALOUPE INC,Financials
ASIX,ADVANSIX INC,Materials
KE,KIMBALL ELECTRONICS INC,Information Technology
HPP,HUDSON PACIFIC PROPERTIES REIT INC,Real Estate
WLFC,WILLIS LEASE FINANCE CORP,Industrials
RES,RPC INC,Energy
HZO,MARINEMAX INC,Consumer Discretionary
HNRG,HALLADOR ENERGY,Utilities
CDNL,CARDINAL INFRASTRUCTURE GROUP INC,Industrials
MPB,MID PENN BANCORP INC,Financials
CLB,CORE LABORATORIES INC,Energy
CTO,CTO REALTY GROWTH INC,Real Estate
SMBK,SMARTFINANCIAL INC,Financials
CSV,CARRIAGE SERVICES INC,Consumer Discretionary
CYRX,CRYOPORT INC,Health Care
DJCO,DAILY JOURNAL CORP,Information Technology
CXM,SPRINKLR INC CLASS A,Information Technology
JANX,JANUX THERAPEUTICS INC,Health Care
SXC,SUNCOKE ENERGY INC,Materials
SHBI,SHORE BANCSHARES INC,Financials
PSIX,POWER SOLUTIONS INTERNATIONAL INC,Industrials
EGY,VAALCO ENERGY INC,Energy
DRUG,BRIGHT MINDS BIOSCIENCES INC,Health Care
ALRS,ALERUS FINANCIAL CORP,Financials
GOOD,GLADSTONE COMMERCIAL REIT CORP,Real Estate
AROW,ARROW FINANCIAL CORP,Financials
ZVRA,ZEVRA THERAPEUTICS INC,Health Care
LBRX,LB PHARMACEUTICALS INC,Health Care
NAVI,NAVIENT CORP,Financials
ASAN,ASANA INC CLASS A,Information Technology
EXPI,EXP WORLD HOLDINGS INC,Real Estate
TRTX,TPG RE FINANCE TRUST INC,Financials
METC,RAMACO RESOURCES INC CLASS A,Materials
PKE,PARK AEROSPACE CORP,Industrials
CASS,CASS INFORMATION SYSTEMS INC,Financials
YSS,YORK SPACE SYSTEMS INC,Industrials
RUSHB,RUSH ENTERPRISES INC CLASS B,Industrials
BTBT,BIT DIGITAL INC,Information Technology
INN,SUMMIT HOTEL PROPERTIES REIT INC,Real Estate
SERV,SERVE ROBOTICS INC,Consumer Discretionary
PAR,PAR TECHNOLOGY CORP,Information Technology
HTFL,HEARTFLOW INC,Health Care
ASPI,ASP ISOTOPES INC,Materials
CRMD,CORMEDIX INC,Health Care
CTOS,CUSTOM TRUCK ONE SOURCE INC,Industrials
CARE,CARTER BANKSHARES INC,Financials
JBSS,JOHN B SANFILIPPO AND SON INC,Consumer Staples
ATEX,ANTERIX INC,Communication
WASH,WASHINGTON TRUST BANCORP INC,Financials
EVER,EVERQUOTE INC CLASS A,Communication
RYAM,RAYONIER ADVANCED MATERIALS INC,Materials
HELE,HELEN OF TROY LTD,Consumer Discretionary
SANA,SANA BIOTECHNOLOGY INC,Health Care
BETA,BETA TECHNOLOGIES INC CLASS A,Industrials
GSBC,GREAT SOUTHERN BANCORP INC,Financials
CTKB,CYTEK BIOSCIENCES INC,Health Care
FET,FORUM ENERGY TECHNOLOGIES INC,Energy
ORIC,ORIC PHARMACEUTICALS INC,Health Care
TCMD,TACTILE SYSTEMS TECHNOLOGY INC,Health Care
CNNE,CANNAE HOLDINGS INC,Financials
ONT,ONTERRIS INC,Industrials
PSTL,POSTAL REALTY TRUST INC CLASS A,Real Estate
AMPL,AMPLITUDE INC CLASS A,Information Technology
ACEL,ACCEL ENTERTAINMENT INC CLASS A,Consumer Discretionary
KMTS,KESTRA MEDICAL TECHNOLOGIES LTD,Health Care
MSBI,MIDLAND STATES BANCORP INC,Financials
BHB,BAR HARBOR BANKSHARES,Financials
ARVN,ARVINAS INC,Health Care
PHAT,PHATHOM PHARMACEUTICALS INC,Health Care
AVO,MISSION PRODUCE INC,Consumer Staples
PHR,PHREESIA INC,Health Care
AMWD,AMERICAN WOODMARK CORP,Industrials
AMSF,AMERISAFE INC,Financials
HSTM,HEALTHSTREAM INC,Health Care
HTLD,HEARTLAND EXPRESS INC,Industrials
RDVT,RED VIOLET INC,Information Technology
MLAB,MESA LABORATORIES INC,Health Care
UTZ,UTZ BRANDS INC CLASS A,Consumer Staples
MPLT,MAPLIGHT THERAPEUTICS INC,Health Care
SATL,SATELLOGIC INC CLASS A,Industrials
ORN,ORION GROUP INC,Industrials
FIP,FTAI INFRASTRUCTURE INC,Industrials
SBGI,SINCLAIR INC CLASS A,Communication
CSTL,CASTLE BIOSCIENCES INC,Health Care
CBLL,CERIBELL INC,Health Care
PFIS,PEOPLES FINANCIAL SERVICES CORP,Financials
AMBP,ARDAGH METAL PACKAGING SA,Materials
OMDA,OMADA HEALTH INC,Health Care
AEVA,AEVA TECHNOLOGIES INC,Information Technology
BIOA,BIOAGE LABS INC,Health Care
RGR,STURM RUGER INC,Consumer Discretionary
FLOC,FLOWCO HOLDINGS INC CLASS A,Energy
FOR,FORESTAR GROUP INC,Real Estate
CCSI,CONSENSUS CLOUD SOLUTIONS INC,Information Technology
ALX,ALEXANDERS REIT INC,Real Estate
NRIM,NORTHRIM BANCORP INC,Financials
UHT,UNIVERSAL HEALTH REALTY INCOME TRU,Real Estate
BDN,BRANDYWINE REALTY TRUST REIT,Real Estate
VTS,VITESSE ENERGY INC,Energy
SPRY,ARS PHARMACEUTICALS INC,Health Care
IIIV,I3 VERTICALS INC CLASS A,Information Technology
DC,DAKOTA GOLD CORP,Materials
ACNB,ACNB CORP,Financials
RZLV,REZOLVE AI PLC,Information Technology
CVLG,COVENANT LOGISTICS GROUP INC CLASS,Industrials
SPFI,SOUTH PLAINS FINANCIAL INC,Financials
HOV,HOVNANIAN ENTERPRISES INC CLASS A,Consumer Discretionary
MLR,MILLER INDUSTRIES INC,Industrials
AHRT,AH REALTY INC,Real Estate
AVR,ANTERIS TECHNOLOGIES GLOBAL CORP,Health Care
CPS,COOPER STANDARD HOLDINGS INC,Consumer Discretionary
CLBK,COLUMBIA FINANCIAL INC,Financials
NFBK,NORTHFIELD BANCORP INC,Financials
SLDP,SOLID POWER INC CLASS A,Consumer Discretionary
CWBC,COMMUNITY WEST BANCSHARES,Financials
MATV,MATIV HOLDINGS INC,Materials
SEPN,SEPTERNA INC,Health Care
FFIC,FLUSHING FINANCIAL CORP,Financials
REPX,RILEY EXPLORATION PERMIAN INC,Energy
MNRO,MONRO INC,Consumer Discretionary
BZH,BEAZER HOMES INC,Consumer Discretionary
CWCO,CONSOLIDATED WATER LTD,Utilities
IIIN,INSTEEL INDUSTRIES INC,Industrials
TCBX,THIRD COAST BANCSHARES INC,Financials
BSRR,SIERRA BANCORP,Financials
BVS,BIOVENTUS CLASS A INC,Health Care
OIS,OIL STATES INTERNATIONAL INC,Energy
TH,TARGET HOSPITALITY CORP,Consumer Discretionary
GDYN,GRID DYNAMICS HOLDINGS INC CLASS A,Information Technology
SIBN,SI BONE INC,Health Care
BWMN,BOWMAN CONSULTING GROUP LTD,Industrials
RPC,RIDGEPOST CAPITAL INC CLASS A,Financials
TDUP,THREDUP INC CLASS A,Consumer Discretionary
GLRE,GREENLIGHT CAPITAL LTD CLASS A,Financials
CHCT,COMMUNITY HEALTHCARE TRUST INC,Real Estate
NPCE,NEUROPACE INC,Health Care
MAMA,MAMAS CREATIONS INC,Consumer Staples
RGNX,REGENXBIO INC,Health Care
HIPO,HIPPO HOLDINGS INC,Financials
VREX,VAREX IMAGING CORP,Health Care
SD,SANDRIDGE ENERGY INC,Energy
CLDT,CHATHAM LODGING TRUST REIT,Real Estate
CIVB,CIVISTA BANCSHARES INC,Financials
EBF,ENNIS INC,Industrials
ERII,ENERGY RECOVERY INC,Industrials
CERS,CERUS CORP,Health Care
EVH,EVOLENT HEALTH INC CLASS A,Health Care
ARKO,ARKO,Consumer Discretionary
RIGL,RIGEL PHARMACEUTICALS INC,Health Care
HIFS,HINGHAM INSTITUTION FOR SAVINGS,Financials
OSPN,ONESPAN INC,Information Technology
SPIR,SPIRE GLOBAL INC CLASS A,Industrials
EBS,EMERGENT BIOSOLUTIONS INC,Health Care
UDMY,UDEMY INC,Consumer Discretionary
CVGW,CALAVO GROWERS INC,Consumer Staples
MTW,MANITOWOC INC,Industrials
GEVO,GEVO INC,Energy
CRNC,CERENCE INC,Information Technology
OFIX,ORTHOFIX MEDICAL INC,Health Care
FBIZ,FIRST BUSINESS FINANCIAL SERVICES,Financials
GSM,FERROGLOBE PLC,Materials
PRTA,PROTHENA PLC,Health Care
MBUU,MALIBU BOATS CLASS A INC,Consumer Discretionary
OOMA,OOMA INC,Information Technology
BOW,BOWHEAD SPECIALTY HOLDINGS INC,Financials
ETD,ETHAN ALLEN INTERIORS INC,Consumer Discretionary
TITN,TITAN MACHINERY INC,Industrials
HBCP,HOME BANCORP INC,Financials
OPK,OPKO HEALTH INC,Health Care
CAL,CALERES INC,Consumer Discretionary
RHLD,RESOLUTE HOLDINGS MANAGEMENT INC,Industrials
CWH,CAMPING WORLD HOLDINGS INC CLASS A,Consumer Discretionary
PACB,PACIFIC BIOSCIENCES OF CALIFORNIA,Health Care
RRBI,RED RIVER BANCSHARES INC,Financials
ZBIO,ZENAS BIOPHARMA INC,Health Care
BBW,BUILD A BEAR WORKSHOP INC,Consumer Discretionary
HY,HYSTER YALE INC CLASS A,Industrials
TREE,LENDINGTREE INC,Financials
ILPT,INDUSTRIAL LOGISTICS PROPERTIES TR,Real Estate
CMCO,COLUMBUS MCKINNON CORP,Industrials
SFST,SOUTHERN FIRST BANCSHARES INC,Financials
COFS,CHOICEONE FINANCIAL SERVICES INC,Financials
JCAP,JEFFERSON CAPITAL INC,Financials
ACRS,ACLARIS THERAPEUTICS INC,Health Care
KRNY,KEARNY FINANCIAL CORP,Financials
RR,RICHTECH ROBOTICS INC CLASS B,Industrials
DNA,GINKGO BIOWORKS HOLDINGS INC CLASS,Health Care
HSHP,HIMALAYA SHIPPING LTD,Industrials
IMXI,INTERNATIONAL MONEY EXPRESS INC,Financials
FDMT,4D MOLECULAR THERAPEUTICS INC,Health Care
MGTX,MEIRAGTX HOLDINGS PLC,Health Care
RPD,RAPID7 INC,Information Technology
APPS,DIGITAL TURBINE INC,Information Technology
MDXG,MIMEDX GROUP INC,Health Care
AEBI,AEBI SCHMIDT HOLDING AG,Industrials
ATLC,ATLANTICUS HOLDINGS CORP,Financials
OBT,ORANGE COUNTY BANCORP INC,Financials
CTGO,CONTANGO SILVER AND GOLD INC,Materials
GRND,GRINDR INC,Communication
TRC,TEJON RANCH,Real Estate
AIOT,POWERFLEET INC,Information Technology
NVEC,NVE CORP,Information Technology
CLFD,CLEARFIELD INC,Information Technology
AQST,AQUESTIVE THERAPEUTICS INC,Health Care
GIC,GLOBAL INDUSTRIAL,Industrials
DFH,DREAM FINDERS HOMES INC CLASS A,Consumer Discretionary
YEXT,YEXT INC,Information Technology
MOV,MOVADO GROUP INC,Consumer Discretionary
MRVI,MARAVAI LIFESCIENCES HOLDINGS INC,Health Care
FPI,FARMLAND PARTNERS INC,Real Estate
BGS,B AND G FOODS INC,Consumer Staples
EVC,ENTRAVISION COMMUNICATIONS CORP CL,Communication
RBB,RBB BANCORP,Financials
BATRA,ATLANTA BRAVES HOLDINGS INC SERIES,Communication
ANGO,ANGIODYNAMICS INC,Health Care
XRN,CHIRON REAL ESTATE INC,Real Estate
OLP,ONE LIBERTY PROPERTIES REIT INC,Real Estate
MCS,THE MARCUS CORP,Communication
NXDR,NEXTDOOR HOLDINGS INC CLASS A,Communication
TIPT,TIPTREE INC,Financials
IPI,INTREPID POTASH INC,Materials
BCAL,CALIFORNIA BANCORP,Financials
ENTA,ENANTA PHARMACEUTICALS INC,Health Care
SSTK,SHUTTERSTOCK INC,Communication
IBTA,IBOTTA INC CLASS A,Communication
SLDB,SOLID BIOSCIENCES INC,Health Care
FULC,FULCRUM THERAPEUTICS INC,Health Care
CCRN,CROSS COUNTRY HEALTHCARE INC,Health Care
ALIT,ALIGHT INC CLASS A,Industrials
NATR,NATURES SUNSHINE PRODUCTS INC,Consumer Staples
TTAM,TITAN AMERICA SA,Materials
BLZE,BACKBLAZE INC CLASS A,Information Technology
BBNX,BETA BIONICS INC,Health Care
BXC,BLUELINX HOLDINGS INC,Industrials
GEFB,GREIF INC CLASS B,Materials
UNTY,UNITY BANCORP INC,Financials
SFIX,STITCH FIX INC CLASS A,Consumer Discretionary
BELFA,BEL FUSE INC CLASS A,Information Technology
DIN,DINE BRANDS GLOBAL INC,Consumer Discretionary
PUBM,PUBMATIC INC CLASS A,Communication
LXFR,LUXFER HOLDINGS PLC,Industrials
MCFT,MASTERCRAFT BOAT HOLDINGS INC,Consumer Discretionary
FSTR,LB FOSTER,Industrials
WLTH,WEALTHFRONT CORP,Financials
XOMA,XOMA ROYALTY CORP,Health Care
NRDS,NERDWALLET INC CLASS A,Financials
NGS,NATURAL GAS SERVICES GROUP INC,Energy
VLGEA,VILLAGE SUPER MARKET INC CLASS A,Consumer Staples
OEC,ORION SA,Materials
CLNE,CLEAN ENERGY FUELS CORP,Energy
BFS,SAUL CENTERS REIT INC,Real Estate
LTBR,LIGHTBRIDGE CORP,Energy
BWB,BRIDGEWATER BANCSHARES INC,Financials
GRPN,GROUPON INC,Consumer Discretionary
GTN,GRAY MEDIA INC,Communication
CMCL,CALEDONIA MINING PLC,Materials
YORW,YORK WATER,Utilities
WTBA,WEST BANCORPORATION INC,Financials
AVIR,ATEA PHARMACEUTICALS INC,Health Care
ALT,ALTIMMUNE INC,Health Care
WEAV,WEAVE COMMUNICATIONS INC,Information Technology
LXEO,LEXEO THERAPEUTICS INC,Health Care
WTI,W AND T OFFSHORE INC,Energy
AKTS,AKTIS ONCOLOGY INC,Health Care
FMAO,FARMERS AND MERCHANTS BANCORP INC,Financials
ADCT,ADC THERAPEUTICS SA,Health Care
TWI,TITAN INTERNATIONAL INC,Industrials
AVAH,AVEANNA HEALTHCARE HOLDINGS INC,Health Care
MVST,MICROVAST HOLDINGS INC,Industrials
BMRC,BANK OF MARIN BANCORP,Financials
ABAT,AMERICAN BATTERY TECHNOLOGY COMPAN,Materials
LOCO,EL POLLO LOCO INC,Consumer Discretionary
MAGN,MAGNERA CORP,Materials
ABX,ABACUS GLOBAL MANAGEMENT INC CLASS,Financials
CBNK,CAPITAL BANCORP INC,Financials
CENT,CENTRAL GARDEN AND PET,Consumer Staples
FWRD,FORWARD AIR CORP,Industrials
SPT,SPROUT SOCIAL INC CLASS A,Information Technology
MYGN,MYRIAD GENETICS INC,Health Care
KRUS,KURA SUSHI USA INC,Consumer Discretionary
BWFG,BANKWELL FINANCIAL GROUP INC,Financials
CYH,COMMUNITY HEALTH SYSTEMS INC,Health Care
CBAN,COLONY BANKCORP INC,Financials
FEIM,FREQUENCY ELECTRONICS INC,Information Technology
BBBY,BED BATH AND BEYOND INC,Consumer Discretionary
SRTA,STRATA CRITICAL MEDICAL INC CLASS,Health Care
VSTM,VERASTEM INC,Health Care
TSSI,TSS INC,Information Technology
NABL,N ABLE INC,Information Technology
HBT,HBT FINANCIAL INC,Financials
BYND,BEYOND MEAT INC,Consumer Staples
FVR,FRONTVIEW REIT INC,Real Estate
ACCO,ACCO BRANDS CORP,Industrials
WRLD,WORLD ACCEPTANCE CORP,Financials
GOGO,GOGO INC,Communication
KREF,KKR REAL ESTATE FINANCE INC TRUST,Financials
NEWT,NEWTEKONE INC,Financials
NGVC,NATURAL GROCERS BY VITAMIN COTTAGE,Consumer Staples
ARHS,ARHAUS INC CLASS A,Consumer Discretionary
XPER,XPERI INC,Information Technology
AURA,AURA BIOSCIENCES INC,Health Care
SB,SAFE BULKERS INC,Industrials
EOLS,EVOLUS INC,Health Care
EGHT,8X8 INC,Information Technology
NGNE,NEUROGENE INC,Health Care
VNDA,VANDA PHARMACEUTICALS INC,Health Care
ALLO,ALLOGENE THERAPEUTICS INC,Health Care
CADL,CANDEL THERAPEUTICS INC,Health Care
ITIC,INVESTORS TITLE,Financials
CZNC,CITIZENS AND NORTHERN CORP,Financials
BCML,BAYCOM CORP,Financials
PKBK,PARKE BANCORP INC,Financials
HNST,THE HONEST COMPANY INC,Consumer Staples
NPB,NORTHPOINTE BANCSHARES INC,Financials
DSGN,DESIGN THERAPEUTICS INC,Health Care
PDLB,PONCE FINANCIAL GROUP INC,Financials
DDD,3D SYSTEMS CORP,Industrials
CRSR,CORSAIR GAMING INC,Information Technology
FRBA,FIRST BANK,Financials
PLSE,PULSE BIOSCIENCES INC,Health Care
MH,MCGRAW HILL INC,Consumer Discretionary
DCTH,DELCATH SYS INC,Health Care
NUS,NU SKIN ENTERPRISES INC CLASS A,Consumer Staples
MEC,MAYVILLE ENGINEERING COMPANY INC,Industrials
EU,ENCORE ENERGY CORP,Energy
FNLC,FIRST BANCORP INC,Financials
ISTR,INVESTAR HOLDING CORP,Financials
ASPN,ASPEN AEROGELS INC,Materials
KROS,KEROS THERAPEUTICS INC,Health Care
IBEX,IBEX LTD,Industrials
GCO,GENESCO INC,Consumer Discretionary
SCVL,SHOE CARNIVAL INC,Consumer Discretionary
VOXR,VOX ROYALTY CORP,Materials
LAND,GLADSTONE LAND REIT CORP,Real Estate
ZUMZ,ZUMIEZ INC,Consumer Discretionary
CLMB,CLIMB GLOBAL SOLUTIONS INC,Information Technology
TSBK,TIMBERLAND BANCORP INC,Financials
RNGR,RANGER ENERGY SERVICES INC CLASS A,Energy
RM,REGIONAL MANAGEMENT CORP,Financials
NECB,NORTHEAST COMMUNITY BANCORP INC,Financials
TRAX,FIRST TRACKS BIOTHERAPEUTICS INC,Health Care
TOI,ONCOLOGY INSTITUTE INC,Health Care
FRST,PRIMIS FINANCIAL CORP,Financials
CLPT,CLEARPOINT NEURO INC,Health Care
VITL,VITAL FARMS INC,Consumer Staples
RC,READY CAPITAL CORP,Financials
MTRX,MATRIX SERVICE,Industrials
BLND,BLEND LABS INC CLASS A,Information Technology
FLGT,FULGENT GENETICS INC,Health Care
PRME,PRIME MEDICINE INC,Health Care
PBYI,PUMA BIOTECHNOLOGY INC,Health Care
RXT,RACKSPACE TECHNOLOGY INC,Information Technology
WNC,WABASH NATIONAL CORP,Industrials
PSFE,PAYSAFE LTD,Financials
RMR,RMR GROUP INC CLASS A,Real Estate
INV,INNVENTURE INC,Financials
SVV,SAVERS VALUE VILLAGE INC,Consumer Discretionary
MEI,METHODE ELECTRONICS INC,Information Technology
PLBC,PLUMAS BANCORP,Financials
ALMU,AELUMA INC,Information Technology
ULCC,FRONTIER GROUP HOLDINGS INC,Industrials
MVBF,MVB FINANCIAL CORP,Financials
CZFS,CITIZENS FINANCIAL SERVICES INC,Financials
SSP,EW SCRIPPS CLASS A,Communication
JOUT,JOHNSON OUTDOORS INC CLASS A,Consumer Discretionary
MAX,MEDIAALPHA INC CLASS A,Communication
CABO,CABLE ONE INC,Communication
REAX,REAL BROKERAGE INC,Real Estate
STRT,STRATTEC SECURITY CORP,Consumer Discretionary
PCB,PCB BANCORP,Financials
FUBO,FUBOTV INC CLASS A,Communication
OPTU,OPTIMUM COMMUNICATIONS INC CLASS A,Communication
RCKT,ROCKET PHARMACEUTICALS INC,Health Care
GNE,GENIE ENERGY LTD CLASS B,Utilities
HYLN,HYLIION HOLDINGS CORP,Industrials
SITC,SITE CENTERS CORP,Real Estate
EVEX,EVE HOLDING INC,Industrials
XRX,XEROX HOLDINGS CORP,Information Technology
FSBW,FS BANCORP INC,Financials
PSNL,PERSONALIS INC,Health Care
DGICA,DONEGAL GROUP INC CLASS A,Financials
EDIT,EDITAS MEDICINE INC,Health Care
NWFL,NORWOOD FINANCIAL CORP,Financials
VMD,VIEMED HEALTHCARE INC,Health Care
AKBA,AKEBIA THERAPEUTICS INC,Health Care
KELYA,KELLY SERVICES INC CLASS A,Industrials
MBI,MBIA INC,Financials
PACK,RANPAK HOLDINGS CORP CLASS A,Materials
PTLO,PORTILLO S INC CLASS A,Consumer Discretionary
PKOH,PARK OHIO HOLDINGS CORP,Industrials
ACIC,AMERICAN COASTAL INSURANCE CORP,Financials
TECX,TECTONIC THERAPEUTIC INC,Health Care
KIDS,ORTHOPEDIATRICS CORP,Health Care
UPB,UPSTREAM BIO INC,Health Care
OLPX,OLAPLEX HOLDINGS INC,Consumer Staples
CNDT,CONDUENT INC,Industrials
ELDN,ELEDON PHARMACEUTICALS INC,Health Care
ACH,ACCENDRA HEALTH INC,Health Care
HVT,HAVERTY FURNITURE COMPANIES INC,Consumer Discretionary
GRNT,GRANITE RIDGE RESOURCES INC,Energy
NMAX,NEWSMAX INC CLASS B,Communication
LAB,STANDARD BIOTOOLS INC,Health Care
PLAY,DAVE AND BUSTERS ENTERTAINMENT INC,Consumer Discretionary
SWIM,LATHAM GROUP INC,Consumer Discretionary
WSBF,WATERSTONE FINANCIAL INC,Financials
DNUT,KRISPY KREME INC,Consumer Discretionary
AMCX,AMC GLOBAL MEDIA INC CLASS A,Communication
MNPR,MONOPAR THERAPEUTICS INC,Health Care
HCKT,HACKETT GROUP INC,Information Technology
RLGT,RADIANT LOGISTIC INC,Industrials
NATH,NATHANS FAMOUS INC,Consumer Discretionary
BKTI,BK TECHNOLOGIES CORP,Information Technology
ACRE,ARES COMMERCIAL REAL ESTATE REIT C,Financials
DSGR,DISTRIBUTION SOLUTIONS GROUP INC,Industrials
CDZI,CADIZ INC,Utilities
AVXL,ANAVEX LIFE SCIENCES CORP,Health Care
ABEO,ABEONA THERAPEUTICS INC,Health Care
ONIT,ONITY GROUP INC,Financials
OPFI,OPPFI INC CLASS A,Financials
ATLO,AMES NATIONAL CORP,Financials
TARA,PROTARA THERAPEUTICS INC,Health Care
SLP,SIMULATIONS PLUS INC,Health Care
MGPI,MGP INGREDIENTS INC,Consumer Staples
JMSB,JOHN MARSHALL BANCORP INC,Financials
GBFH,GBANK FINL HLDGS INC,Financials
FATE,FATE THERAPEUTICS INC,Health Care
TG,TREDEGAR CORP,Materials
CIA,CITIZENS INC CLASS A,Financials
SMC,SUMMIT MIDSTREAM CORP,Energy
CHMG,CHEMUNG FINANCIAL CORP,Financials
LILA,LIBERTY LATIN AMERICA LTD CLASS A,Communication
RCKY,ROCKY BRANDS INC,Consumer Discretionary
ATNI,ATN INTERNATIONAL INC,Communication
LMRI,LUMEXA IMAGING HOLDINGS INC,Health Care
ASLE,AERSALE CORP,Industrials
CMRC,BIGCOMMERCE HOLDINGS INC SERIES,Information Technology
BMBL,BUMBLE INC CLASS A,Communication
RBBN,RIBBON COMMUNICATIONS INC,Information Technology
EVGO,EVGO INC CLASS A,Consumer Discretionary
TBRG,TRUBRIDGE INC,Health Care
KRT,KARAT PACKAGING INC,Industrials
RPAY,REPAY HOLDINGS CORP CLASS A,Financials
FVCB,FVCBANKCORP INC,Financials
WBTN,WEBTOON ENTERTAINMENT INC,Communication
MYFW,FIRST WESTERN FINANCIAL INC,Financials
NEXN,NEXXEN INTERNATIONAL LTD,Communication
ATOM,ATOMERA INC,Information Technology
JACK,JACK IN THE BOX INC,Consumer Discretionary
NCMI,NATIONAL CINEMEDIA INC,Communication
STRZ,STARZ ENTERTAINMENT CORP,Communication
MITT,TPG MORTGAGE INVESTMENT TRUST INC,Financials
PAYS,PAYSIGN INC,Financials
PANL,PANGAEA LOGISTICS SOLUTIONS LTD,Industrials
INSG,INSEEGO CORP,Information Technology
BOC,BOSTON OMAHA CORP CLASS A,Communication
PINE,ALPINE INCOME PROPERTY TRUST INC,Real Estate
FRPH,FRP HOLDINGS INC,Real Estate
OSG,OCTAVE SPECIALTY GROUP INC,Financials
ARDT,ARDENT HEALTH INC,Health Care
ARCT,ARCTURUS THERAPEUTICS HOLDINGS INC,Health Care
INR,INFINITY NATURAL RESOURCES INC CLA,Energy
OPRT,OPORTUN FINANCIAL CORP,Financials
MPTI,M TRON INDUSTRIES INC,Information Technology
DBI,DESIGNER BRANDS INC CLASS A,Consumer Discretionary
FRAF,FRANKLIN FINANCIAL SERVICES CORP,Financials
WOOF,PETCO HEALTH AND WELLNESS COMPANY,Consumer Discretionary
CMTG,CLAROS MORTGAGE TRUST INC,Financials
REPL,REPLIMUNE GROUP INC,Health Care
NKSH,NATIONAL BANKSHARES INC,Financials
TLS,TELOS CORPORATION CORP,Information Technology
CDXS,CODEXIS INC,Health Care
CMPX,COMPASS THERAPEUTICS,Health Care
FDBC,FIDELITY D AND D BANCORP INC,Financials
FTK,FLOTEK INDUSTRIES INC,Materials
WYFI,WHITEFIBER INC,Information Technology
AII,AMERICAN INTEGRITY INSURANCE GROUP,Financials
EVMN,EVOMMUNE INC,Health Care
MASS,908 DEVICES INC,Information Technology
OVLY,OAK VALLEY BANCORP,Financials
WNEB,WESTERN NEW ENGLAND BANCORP INC,Financials
PCYO,PURE CYCLE CORP,Utilities
CTRN,CITI TRENDS INC,Consumer Discretionary
RZLT,REZOLUTE INC,Health Care
NAGE,NIAGEN BIOSCIENCE INC,Consumer Staples
NRC,NRC HEALTH CORP,Health Care
OSUR,ORASURE TECHNOLOGIES INC,Health Care
QUAD,QUAD GRAPHICS INC CLASS A,Industrials
ALCO,ALICO INC,Consumer Staples
CTEV,CLARITEV CORP CLASS A,Health Care
CD,CHAINCE DIGITAL HOLDINGS INC,Information Technology
FC,FRANKLIN COVEY,Industrials
RXST,RXSIGHT INC,Health Care
MG,MISTRAS GROUP INC,Industrials
BNTC,BENITEC BIOPHARMA INC,Health Care
DMAC,DIAMEDICA THERAPEUTICS INC,Health Care
VTEX,VTEX CLASS A,Information Technology
USAU,US GOLD CORP,Materials
USNA,USANA HEALTH SCIENCES INC,Consumer Staples
CRCT,CRICUT INC CLASS A,Consumer Discretionary
FUNC,FIRST UNITED CORP,Financials
BRBS,BLUE RIDGE BANKSHARES INC,Financials
CATX,PERSPECTIVE THERAPEUTICS INC,Health Care
SGHT,SIGHT SCIENCES INC,Health Care
KFS,KINGSWAY FINANCIAL SERVICES INC,Financials
CFFI,C AND F FINANCIAL CORP,Financials
UIS,UNISYS CORP,Information Technology
EMBC,EMBECTA CORP,Health Care
ASUR,ASURE SOFTWARE INC,Industrials
ALEC,ALECTOR INC,Health Care
FBLA,FB BANCORP INC,Financials
VABK,VIRGINIA NATIONAL BANKSHARES CORP,Financials
REFI,CHICAGO ATLANTIC REAL ESTATE FINAN,Financials
JAKK,JAKKS PACIFIC INC,Consumer Discretionary
NLOP,NET LEASE OFFICE PROPERTIES,Real Estate
LCNB,LCNB CORP,Financials
BSVN,BANK7 CORP,Financials
LOVE,LOVESAC COMPANY,Consumer Discretionary
TBCH,TURTLE BEACH CORP,Information Technology
WEST,WESTROCK COFFEE,Consumer Staples
RMAX,RE MAX HOLDINGS INC CLASS A,Real Estate
RICK,RCI HOSPITALITY HOLDINGS INC,Consumer Discretionary
ESOA,ENERGY SERVICES OF AMERICA CORP,Energy
VEL,VELOCITY FINANCIAL INC,Financials
PLTK,PLAYTIKA HOLDING CORP,Communication
LMNR,LIMONEIRA,Consumer Staples
INSE,INSPIRED ENTERTAINMENT INC,Consumer Discretionary
CLW,CLEARWATER PAPER CORP,Materials
HDSN,HUDSON TECHNOLOGIES INC,Industrials
FLXS,FLEXSTEEL INDUSTRIES INC,Consumer Discretionary
CMT,CORE MOLDING TECHNOLOGIES INC,Materials
RMNI,RIMINI STREET INC,Information Technology
POWW,OUTDOOR HOLDING,Consumer Discretionary
BH,BIGLARI HOLDINGS INCINARY CLASS B,Consumer Discretionary
NXDT,NEXPOINT DIVERSIFIED REAL ESTATE T,Real Estate
INBK,FIRST INTERNET BANCORP,Financials
SEVN,SEVEN HILLS REALTY TRUST,Financials
BPRN,PRINCETON BANCORP INC,Financials
SPOK,SPOK HOLDINGS INC,Communication
RSVR,RESERVOIR MEDIA INC,Communication
ZIP,ZIPRECRUITER INC CLASS A,Communication
VUZI,VUZIX CORP,Information Technology
IMMR,IMMERSION CORP,Information Technology
IKT,INHIBIKASE THERAPEUTICS INC,Health Care
SKYH,SKY HARBOUR GROUP CORP CLASS A,Industrials
PEBK,PEOPLES BANCORP OF NORTH CAROLINA,Financials
AVNW,AVIAT NETWORKS INC,Information Technology
TRDA,ENTRADA THERAPEUTICS INC,Health Care
HLLY,HOLLEY INC,Consumer Discretionary
HRTX,HERON THERAPEUTICS INC,Health Care
SNDA,SONIDA SENIOR LIVING INC,Health Care
TTGT,TECHTARGET INC,Communication
ACDC,PROFRAC HOLDING CLASS A CORP,Energy
USCB,USCB FINANCIAL HOLDINGS INC CLASS,Financials
FBYD,FALCON S BEYOND GLOBAL INC CLASS A,Industrials
WEYS,WEYCO GROUP INC,Consumer Discretionary
SIGA,SIGA TECHNOLOGIES INC,Health Care
KINS,KINGSTONE COMPANIES INC,Financials
NC,NACCO INDUSTRIES INC CLASS A,Energy
PESI,PERMA FIX ENVIRONMENTAL SERVICES I,Industrials
ANGI,ANGI INC CLASS A,Communication
STRS,STRATUS PROPERTIES INC,Real Estate
ESCA,ESCALADE INC,Consumer Discretionary
PDYN,PALLADYNE AI CORP,Industrials
CRDA,CRAWFORD CLASS A,Financials
LRMR,LARIMAR THERAPEUTICS INC,Health Care
LENZ,LENZ THERAPEUTICS INC,Health Care
BRCB,BLACK ROCK COFFEE BAR INC CLASS A,Consumer Discretionary
VIA,VIA TRANSPORTATION INC CLASS A,Information Technology
FNKO,FUNKO INC CLASS A,Consumer Discretionary
VYGR,VOYAGER THERAPEUTICS INC,Health Care
ANIK,ANIKA THERAPEUTICS INC,Health Care
KRMD,KORU MEDICAL SYSTEMS INC,Health Care
MVIS,MICROVISION INC,Information Technology
FCCO,FIRST COMMUNITY CORP,Financials
TNXP,TONIX PHARMACEUTICALS HOLDING CORP,Health Care
BETR,BETTER HOME FINANCE HOLDING CLASS,Financials
TBI,TRUEBLUE INC,Industrials
BBCP,CONCRETE PUMPING HOLDINGS INC,Industrials
MFIN,MEDALLION FINANCIAL CORP,Financials
XPOF,XPONENTIAL FITNESS INC CLASS A,Consumer Discretionary
CHRS,COHERUS ONCOLOGY INC,Health Care
RELL,RICHARDSON ELECTRONICS LTD,Information Technology
DSP,VIANT TECHNOLOGY INC CLASS A,Information Technology
LFMD,LIFEMD INC,Health Care
GCBC,GREENE COUNTY BANCORP INC,Financials
COSO,COASTALSOUTH BANCSHARES INC,Financials
BNED,BARNES AND NOBLE EDUCATION INC,Consumer Discretionary
LZM,LIFEZONE METALS LTD,Materials
FENC,FENNEC PHARMACEUTICALS INC,Health Care
ORGO,ORGANOGENESIS HOLDINGS INC CLASS A,Health Care
FXNC,FIRST NATIONAL CORP,Financials
PAL,PROFICIENT AUTO LOGISTICS INC,Industrials
CV,CAPSOVISION INC,Health Care
CBK,COMMERCIAL BANCGROUP INC,Financials
ELMD,ELECTROMED INC,Health Care
FCAP,FIRST CAPITAL INC,Financials
LPRO,OPEN LENDING CORP,Financials
INGN,INOGEN INC,Health Care
RGCO,RGC RESOURCES INC,Utilities
EVCM,EVERCOMMERCE INC,Information Technology
ADV,ADVANTAGE SOLUTIONS INC CLASS A,Communication
BZAI,BLAIZE HOLDINGS INC,Information Technology
OPBK,OP BANCORP,Financials
HUMA,HUMACYTE INC,Health Care
PBFS,PIONEER BANCORP INC,Financials
MRBK,MERIDIAN CORP,Financials
QSI,QUANTUM SI INC CLASS A,Health Care
JRVR,JAMES RIVER GROUP HOLDINGS INC,Financials
KGEI,KOLIBRI GLOBAL ENERGY INC,Energy
ASIC,ATEGRITY SPECIALTY INSURANCE COMPA,Financials
BRT,BRT APARTMENTS CORP,Real Estate
CZWI,CITIZENS COMMUNITY BANCORP INC,Financials
III,INFORMATION SERVICES GROUP INC,Information Technology
EWCZ,EUROPEAN WAX CENTER INC CLASS A,Consumer Discretionary
ALTG,ALTA EQUIPMENT GROUP INC CLASS A,Industrials
HWBK,HAWTHORN BANCSHARES INC,Financials
SMHI,SEACOR MARINE HOLDINGS INC,Energy
CMDB,COSTAMARE BULKERS HOLDINGS LTD,Industrials
LEGH,LEGACY HOUSING,Consumer Discretionary
BHR,BRAEMAR HOTELS RESORTS INC,Real Estate
BCBP,BCB BANCORP INC,Financials
UTMD,UTAH MEDICAL PRODUCTS INC,Health Care
SLQT,SELECTQUOTE INC,Financials
ACTG,ACACIA RESEARCH CORP,Financials
PRTH,PRIORITY TECHNOLOGY HOLDINGS INC,Financials
ALTI,ALTI GLOBAL INC CLASS A,Financials
OVBC,OHIO VALLEY BANC CORP,Financials
RNA,ATRIUM THERAPEUTICS INC,Health Care
KRO,KRONOS WORLDWIDE INC,Materials
INNV,INNOVAGE HOLDING CORP,Health Care
SEG,SEAPORT ENTERTAINMENT GROUP INC,Real Estate
CXDO,CREXENDO INC,Information Technology
DOUG,DOUGLAS ELLIMAN INC,Real Estate
BKKT,BAKKT INC CLASS A,Financials
NKTX,NKARTA INC,Health Care
GLSI,GREENWICH LIFESCIENCES INC,Health Care
HBB,HAMILTON BEACH BRANDS HOLDING COMP,Consumer Discretionary
AIRO,AIRO GROUP HOLDINGS INC,Industrials
PXED,PHOENIX EDUCATION PARTNERS INC,Consumer Discretionary
MPAA,MOTORCAR PARTS OF AMERICA INC,Consumer Discretionary
OABI,OMNIAB INC,Health Care
NVCT,NUVECTIS PHARMA INC,Health Care
MDWD,MEDIWOUND LTD,Health Care
JELD,JELD WEN HOLDING INC,Industrials
SNFCA,SECURITY NATIONAL FINANCIAL CORP C,Financials
MDV,MODIV INDUSTRIAL INC CLASS C,Real Estate
NREF,NEXPOINT REAL ESTATE FINANCE INC,Financials
BOOM,DMC GLOBAL INC,Energy
RGP,RESOURCES CONNECTION INC,Industrials
MED,MEDIFAST INC,Consumer Staples
LDI,LOANDEPOT INC CLASS A,Financials
MNSB,MAINSTREET BANCSHARES INC,Financials
EFSI,EAGLE FINANCIAL SERVICES INC,Financials
EBMT,EAGLE BANCORP MONTANA INC,Financials
BVFL,BV FINANCIAL INC,Financials
DMRC,DIGIMARC CORP,Information Technology
CURI,CURIOSITYSTREAM INC CLASS A,Communication
SAMG,SILVERCREST ASSET MANAGEMENT GROUP,Financials
RCMT,RCM TECHNOLOGIES INC,Industrials
ACR,ACRES COMMERCIAL REALTY CORP,Financials
PLX,PROTALIX BIOTHERAPEUTICS INC,Health Care
DOMO,DOMO INC CLASS B,Information Technology
FHTX,FOGHORN THERAPEUTICS INC,Health Care
GENC,GENCOR INDUSTRIES INC,Industrials
SGC,SUPERIOR GROUP OF COMPANIES INC,Consumer Discretionary
PDEX,PRO DEX INC,Health Care
LWAY,LIFEWAY FOODS INC,Consumer Staples
CBFV,CB FINANCIAL SERVICES INC,Financials
HPK,HIGHPEAK ENERGY INC,Energy
NFE,NEW FORTRESS ENERGY INC CLASS A,Energy
LFCR,LIFECORE BIOMEDICAL INC,Health Care
EPM,EVOLUTION PETROLEUM CORP,Energy
KLC,KINDERCARE LEARNING COMPANIES INC,Consumer Discretionary
EGAN,EGAIN CORP,Information Technology
THRY,THRYV HOLDINGS INC,Communication
ONEW,ONEWATER MARINE CLASS A INC,Consumer Discretionary
FRD,FRIEDMAN INDUSTRIES INC,Materials
EVI,EVI INDUSTRIES INC,Industrials
SKYX,SKYX PLATFORMS CORP,Industrials
ELA,ENVELA CORP,Consumer Discretionary
CFBK,CF BANKSHARES INC,Financials
PNRG,PRIMEENERGY RESOURCES CORP,Energy
FF,FUTUREFUEL CORP,Energy
NNOX,NANO X IMAGING LTD,Health Care
SNWV,SANUWAVE HEALTH INC,Health Care
ACU,ACME UNITED CORP,Health Care
PMTS,CPI CARD GROUP INC,Information Technology
TLSI,TRISALUS LF SC CM A,Health Care
SI,SHOULDER INNOVATIONS INC,Health Care
CVRX,CVRX INC,Health Care
KULR,KULR TECHNOLOGY GROUP INC,Industrials
EML,EASTERN,Industrials
QTRX,QUANTERIX CORP,Health Care
BALY,BALLY S CORP,Consumer Discretionary
SRBK,SR BANCORP INC,Financials
KLTR,KALTURA INC,Information Technology
FINW,FINWISE BANCORP,Financials
MLP,MAUI LAND AND PINEAPPLE INC,Real Estate
TRAK,REPOSITRAK INC,Information Technology
STXS,STEREOTAXIS INC,Health Care
AOMR,ANGEL OAK MORTGAGE REIT INC,Financials
BRCC,BRC INC CLASS A,Consumer Staples
FOA,FINANCE OF AMERICA COMPANIES INC C,Financials
HCAT,HEALTH CATALYST INC,Health Care
SBFG,SB FINANCIAL GROUP INC,Financials
SVCO,SILVACO GROUP INC,Information Technology
SMID,SMITH MIDLAND CORP,Materials
OPRX,OPTIMIZERX CORP,Health Care
TCX,TUCOWS INC,Information Technology
LAW,CS DISCO INC,Information Technology
LE,LAND END INC,Consumer Discretionary
FLWS,1-800 FLOWERS.COM INC CLASS A,Consumer Discretionary
SKIN,SKINHEALTH SYSTEMS INC CLASS A,Consumer Staples
LARK,LANDMARK BANCORP INC,Financials
NODK,NI HOLDINGS INC,Financials
BYRN,BYRNA TECHNOLOGIES INC,Industrials
BSET,BASSETT FURNITURE INDUSTRIES INC,Consumer Discretionary
AIRJ,AIRJOULE TECHNOLOGIES CORP CLASS A,Industrials
AOUT,AMERICAN OUTDOOR BRANDS INC,Consumer Discretionary
EPSN,EPSILON ENERGY LTD,Energy
CRDF,CARDIFF ONCOLOGY INC,Health Care
STRW,STRAWBERRY FIELDS REIT INC,Real Estate
ALDX,ALDEYRA THERAPEUTICS INC,Health Care
JILL,J JILL INC,Consumer Discretionary
JYNT,JOINT CORP,Health Care
LUCD,LUCID DIAGNOSTICS INC,Health Care
HURA,TUHURA BIOSCIENCES INC,Health Care
CPSS,CONSUMER PORTFOLIO SERVICES INC,Financials
OFLX,OMEGA FLEX INC,Industrials
TMCI,TREACE MEDICAL CONCEPTS INC,Health Care
CRMT,AMERICAS CAR MART INC,Consumer Discretionary
ACNT,ASCENT INDUSTRIES,Materials
GAMB,GAMBLING COM GROUP LTD,Communication
MNTK,MONTAUK RENEWABLES INC,Utilities
MXCT,MAXCYTE INC,Health Care
ULH,UNIVERSAL LOGISTICS HOLDINGS INC,Industrials
WHG,WESTWOOD HOLDINGS GROUP INC,Financials
DERM,JOURNEY MEDICAL CORP,Health Care
ARQ,ARQ INC,Materials
KRRO,KORRO BIO INC,Health Care
HNVR,HANOVER BANCORP INC,Financials
RMBI,RICHMOND MUTUAL BANCORPORATION INC,Financials
FNWD,FINWARD BANCORP,Financials
LAKE,LAKELAND INDUSTRIES INC,Consumer Discretionary
RNAC,CARTESIAN THERAPEUTICS INC,Health Care
GYRE,GYRE THERAPEUTICS INC,Health Care
PNBK,PATRIOT NATIONAL BANCORP INC,Financials
ATYR,ATYR PHARMA INC,Health Care
SUNS,SUNRISE REALTY TRUST INC,Financials
CLAR,CLARUS CORP,Consumer Discretionary
RVSB,RIVERVIEW BANCORP INC,Financials
XZO,EXZEO GROUP INC,Financials
RPT,RITHM PROPERTY INC TRUST,Financials
OM,OUTSET MEDICAL INC,Health Care
ECBK,ECB BANCORP INC,Financials
FORR,FORRESTER RESEARCH INC,Industrials
GWRS,GLOBAL WATER RESOURCES INC,Utilities
NPWR,NET POWER INC CLASS A,Industrials
AVD,AMER VANGUARD CORP,Materials
SPWR,SUNPOWER INC,Industrials
EEX,EMERALD HOLDING INC,Communication
CBNA,CHAIN BRIDGE BANCORP INC CLASS A,Financials
GETY,GETTY IMAGES HOLDINGS INC CLASS A,Communication
STIM,NEURONETICS INC,Health Care
HFFG,HF FOODS GROUP INC,Consumer Staples
AARD,AARDVARK THERAPEUTICS INC,Health Care
CARL,CARLSMED INC,Health Care
ZVIA,ZEVIA CLASS A,Consumer Staples
VIRC,VIRCO MANUFACTURING CORP,Industrials
GOSS,GOSSAMER BIO INC,Health Care
TTEC,TTEC HOLDINGS INC,Industrials
AEYE,AUDIOEYE INC,Information Technology
HAIN,HAIN CELESTIAL GROUP INC,Consumer Staples
SSTI,SOUNDTHINKING INC,Information Technology
FFAI,FARADAY FUTURE INTELLIGENT ELECTRI,Consumer Discretionary
EXFY,EXPENSIFY INC CLASS A,Information Technology
AISP,AIRSHIP AI HOLDINGS INC CLASS A,Information Technology
MPX,MARINE PRODUCTS CORP,Consumer Discretionary
CSPI,CSP INC,Information Technology
SMTI,SANARA MEDTECH INC,Health Care
TZOO,TRAVELZOO,Communication
UNB,UNION BANKSHARES INC,Financials
DCGO,DOCGO INC,Health Care
BTMD,BIOTE CORP CLASS A,Health Care
SFBC,SOUND FINANCIAL BANCORP INC,Financials
RCEL,AVITA MEDICAL INC,Health Care
INH,INHIBRX INC CVR,Health Care
SNBR,SLEEP NUMBER CORP,Consumer Discretionary
PAMT,PAMT CORP,Industrials
NRDY,NERDY INC CLASS A,Consumer Discretionary
HQI,HIREQUEST INC,Industrials
WALD,WALDENCAST PLC CLASS A,Consumer Staples
EHTH,EHEALTH INC,Financials
TCI,TRANSCONTINENTAL REALTY INVESTORS,Real Estate
FSP,FRANKLIN STREET PROPERTIES REIT CO,Real Estate
LFVN,LIFEVANTAGE CORP,Consumer Staples
TUSK,MAMMOTH ENERGY SERVICES INC,Energy
LNSR,LENSAR INC,Health Care
NL,NL INDUSTRIES INC,Industrials
AKE,AKERO THERAPEUTICS CVR,Health Care
CURV,TORRID HOLDINGS INC,Consumer Discretionary
AVBH,AVIDBANK HOLDINGS INC,Financials
LUNG,PULMONX CORP,Health Care
AIRS,AIRSCULPT TECHNOLOGIES INC,Health Care
BARK,BARK INC CLASS A,Consumer Discretionary
OPAL,OPAL FUELS INC CLASS A,Energy
SEAT,VIVID SEATS INC CLASS A,Communication
RBKB,RHINEBECK BANCORP INC,Financials
PPHC,PUBLIC POLICY HOLDING INC,Industrials
SKIL,SKILLSOFT CORP CLASS A,Industrials
TKNO,ALPHA TEKNOVA INC,Health Care
LFT,LUMENT FINANCE TRUST INC,Financials
CLPR,CLIPPER REALTY INC,Real Estate
VHI,VALHI INC,Materials
LVWR,LIVEWIRE GROUP INC,Consumer Discretionary
MYPS,PLAYSTUDIOS INC CLASS A,Communication
EP,EMPIRE PETROLEUM CORP,Energy
MKTW,MARKETWISE INC CLASS A,Financials
USGO,US GOLDMINING INC,Materials
AREN,ARENA GROUP HLDGS INC,Communication
GAIA,GAIA INC CLASS A,Communication
TEAD,TEADS HOLDING,Communication
ISPR,ISPIRE TECHNOLOGY INC,Consumer Staples
DH,DEFINITIVE HEALTHCARE CORP CLASS A,Health Care
PROP,PRAIRIE OPERATING,Energy
ARAY,ACCURAY INC,Health Care
VALU,VALUE LINE INC,Financials
KG,KESTREL GROUP LTD,Financials
CIX,COMPX INTERNATIONAL INC CLASS A,Industrials
COOK,TRAEGER INC,Consumer Discretionary
TVRD,TVARDI THERAPEUTICS INC,Health Care
SBC,SBC MEDICAL GROUP HOLDINGS INC,Health Care
MYO,MYOMO INC,Health Care
FTLF,FITLIFE BRANDS INC,Consumer Staples
ACTU,ACTUATE THERAPEUTICS INC,Health Care
INMB,INMUNE BIO INC,Health Care
SIEB,SIEBERT FINANCIAL CORP,Financials
SAFX,XCF GLOBAL INC CLASS A,Energy
NEON,NEONODE INC,Information Technology
AFRI,FORAFRIC GLOBAL PLC,Consumer Staples
SLSN,SOLESENCE INC,Materials
ARL,AMERICAN REALTY INVESTORS INC,Real Estate
BEEP,MOBILE INFRASTRUCTURE CORP,Industrials
MRDN,MERIDIAN HOLDINGS INC,Communication
ATLN,ATLANTIC INTERNATIONAL CORP,Health Care
NXXT,NEXTNRG INC,Energy
VRM,VROOM INC,Financials
ADRO,CHINOOK THERAPEUTICS INC,Health Care
SLND,SOUTHLAND HOLDINGS INC,Industrials
VGAS,VERDE CLEAN FUELS INC CLASS A,Energy
ADRO,CHINOOK THERAPEUTICS INC CVR,Health Care
GOCO,GOHEALTH INC CLASS A,Financials
TSEOF,TRINSEO PLC,Materials
TVGN,TEVOGEN BIO HOLDINGS INC,Health Care
CAD,CAD CASH,Cash and/or Derivatives
PDLI,PDL BIOPHARMA INC,Health Care
GTXI,GTXI INC - CVR,Health Care
P5N994,Petrocorp Inc Escrow,Energy
SBT,STERLING BANCORP INC,Financials
THRD,THIRD HARMONIC BIO INC,Health Care
RTYM6,RUSSELL 2000 EMINI CME JUN 26,Cash and/or Derivatives
